T:StockSharp.Community.AuthenticationClient/summary;DocStr2955
M:StockSharp.Community.AuthenticationClient.#ctor/summary;DocStr1
M:StockSharp.Community.AuthenticationClient.#ctor(System.Uri)/summary;DocStr1
M:StockSharp.Community.AuthenticationClient.#ctor(System.Uri)/param/address;DocStr2962
P:StockSharp.Community.AuthenticationClient.Instance/summary;DocStr2967
P:StockSharp.Community.AuthenticationClient.Credentials/summary;DocStr2968
P:StockSharp.Community.AuthenticationClient.Product/summary;Product
P:StockSharp.Community.AuthenticationClient.Version/summary;Product
P:StockSharp.Community.AuthenticationClient.IsLoggedIn/summary;DocStr2969
P:StockSharp.Community.AuthenticationClient.SessionId/summary;DocStr138
P:StockSharp.Community.AuthenticationClient.NullableSessionId/summary;DocStr9213
P:StockSharp.Community.AuthenticationClient.UserId/summary;DocStr2971
M:StockSharp.Community.AuthenticationClient.Login/summary;DocStr2963
M:StockSharp.Community.AuthenticationClient.Login(System.Nullable{StockSharp.Community.Products},System.String,System.Security.SecureString)/summary;DocStr2963
M:StockSharp.Community.AuthenticationClient.Login(System.Nullable{StockSharp.Community.Products},System.String,System.Security.SecureString)/param/product;Product
M:StockSharp.Community.AuthenticationClient.Login(System.Nullable{StockSharp.Community.Products},System.String,System.Security.SecureString)/param/login;Login
M:StockSharp.Community.AuthenticationClient.Login(System.Nullable{StockSharp.Community.Products},System.String,System.Security.SecureString)/param/password;Password
M:StockSharp.Community.AuthenticationClient.Logout/summary;DocStr2964
M:StockSharp.Community.AuthenticationClient.GetId(System.Guid)/summary;DocStr2965
M:StockSharp.Community.AuthenticationClient.GetId(System.Guid)/param/sessionId;DocStr138
M:StockSharp.Community.AuthenticationClient.GetId(System.Guid)/returns;UserId
M:StockSharp.Community.AuthenticationClient.DisposeManaged/summary;DocStr7
T:StockSharp.Community.BaseCommunityClient`1/summary;DocStr2970
T:StockSharp.Community.BaseCommunityClient`1/typeparam/TService;DocStr2957
M:StockSharp.Community.BaseCommunityClient`1.#ctor(System.Uri,System.String,System.Boolean)/summary;DocStr93
M:StockSharp.Community.BaseCommunityClient`1.#ctor(System.Uri,System.String,System.Boolean)/param/address;ServerAddress
M:StockSharp.Community.BaseCommunityClient`1.#ctor(System.Uri,System.String,System.Boolean)/param/endpointName;DocStr2958
M:StockSharp.Community.BaseCommunityClient`1.#ctor(System.Uri,System.String,System.Boolean)/param/hasCallbacks;DocStr2959
P:StockSharp.Community.BaseCommunityClient`1.SessionId/summary;DocStr188
P:StockSharp.Community.BaseCommunityClient`1.NullableSessionId/summary;DocStr9213
P:StockSharp.Community.BaseCommunityClient`1.IsEnglish/summary;DocStr9822
T:StockSharp.Community.BaseServiceClient`1/summary;DocStr2956
T:StockSharp.Community.BaseServiceClient`1/typeparam/TService;DocStr2957
M:StockSharp.Community.BaseServiceClient`1.#ctor(System.Uri,System.String,System.Boolean)/summary;DocStr93
M:StockSharp.Community.BaseServiceClient`1.#ctor(System.Uri,System.String,System.Boolean)/param/address;ServerAddress
M:StockSharp.Community.BaseServiceClient`1.#ctor(System.Uri,System.String,System.Boolean)/param/endpointName;DocStr2958
M:StockSharp.Community.BaseServiceClient`1.#ctor(System.Uri,System.String,System.Boolean)/param/hasCallbacks;DocStr2959
P:StockSharp.Community.BaseServiceClient`1.Address/summary;ServerAddress
P:StockSharp.Community.BaseServiceClient`1.IsConnected/summary;DocStr2961
M:StockSharp.Community.BaseServiceClient`1.CreateChannel/summary;DocStr177
M:StockSharp.Community.BaseServiceClient`1.CreateChannel/returns;DocStr178
M:StockSharp.Community.BaseServiceClient`1.Connect/summary;DocStr2960
M:StockSharp.Community.BaseServiceClient`1.OnConnect/summary;XamlStr666
M:StockSharp.Community.BaseServiceClient`1.Invoke``1(System.Func{`0,``0})/summary;DocStr183
M:StockSharp.Community.BaseServiceClient`1.Invoke``1(System.Func{`0,``0})/typeparam/TResult;DocStr184
M:StockSharp.Community.BaseServiceClient`1.Invoke``1(System.Func{`0,``0})/param/handler;DocStr185
M:StockSharp.Community.BaseServiceClient`1.Invoke``1(System.Func{`0,``0})/returns;DocStr186
M:StockSharp.Community.BaseServiceClient`1.Invoke(System.Action{`0})/summary;DocStr183
M:StockSharp.Community.BaseServiceClient`1.Invoke(System.Action{`0})/param/handler;DocStr185
M:StockSharp.Community.BaseServiceClient`1.DisposeManaged/summary;DocStr7
T:StockSharp.Community.CommunityNews/summary;News
M:StockSharp.Community.CommunityNews.#ctor/summary;DocStr2972
P:StockSharp.Community.CommunityNews.Id/summary;NewsId
P:StockSharp.Community.CommunityNews.Frequency/summary;DocStr2973
P:StockSharp.Community.CommunityNews.EndDate/summary;DocStr2974
P:StockSharp.Community.CommunityNews.EnglishTitle/summary;DocStr2975
P:StockSharp.Community.CommunityNews.EnglishBody/summary;DocStr2976
P:StockSharp.Community.CommunityNews.RussianTitle/summary;DocStr2977
P:StockSharp.Community.CommunityNews.RussianBody/summary;DocStr2978
T:StockSharp.Community.CommunityAuthorization/summary;DocStr2991
M:StockSharp.Community.CommunityAuthorization.#ctor(StockSharp.Community.Products)/summary;DocStr1
M:StockSharp.Community.CommunityAuthorization.#ctor(StockSharp.Community.Products)/param/product;Product
M:StockSharp.Community.CommunityAuthorization.ValidateCredentials(System.String,System.Security.SecureString,System.Net.IPAddress)/summary;DocStr2992
M:StockSharp.Community.CommunityAuthorization.ValidateCredentials(System.String,System.Security.SecureString,System.Net.IPAddress)/param/login;Login
M:StockSharp.Community.CommunityAuthorization.ValidateCredentials(System.String,System.Security.SecureString,System.Net.IPAddress)/param/password;Password
M:StockSharp.Community.CommunityAuthorization.ValidateCredentials(System.String,System.Security.SecureString,System.Net.IPAddress)/param/clientAddress;DocStr9625
M:StockSharp.Community.CommunityAuthorization.ValidateCredentials(System.String,System.Security.SecureString,System.Net.IPAddress)/returns;DocStr138
M:StockSharp.Community.CommunityAuthorization.SaveUser(System.String,System.Security.SecureString,System.Collections.Generic.IEnumerable{System.Net.IPAddress})/summary;DocStr9683
M:StockSharp.Community.CommunityAuthorization.SaveUser(System.String,System.Security.SecureString,System.Collections.Generic.IEnumerable{System.Net.IPAddress})/param/login;Login
M:StockSharp.Community.CommunityAuthorization.SaveUser(System.String,System.Security.SecureString,System.Collections.Generic.IEnumerable{System.Net.IPAddress})/param/password;Password
M:StockSharp.Community.CommunityAuthorization.SaveUser(System.String,System.Security.SecureString,System.Collections.Generic.IEnumerable{System.Net.IPAddress})/param/possibleAddresses;DocStr9684
M:StockSharp.Community.CommunityAuthorization.DeleteUser(System.String)/summary;DocStr9685
M:StockSharp.Community.CommunityAuthorization.DeleteUser(System.String)/param/login;Login
M:StockSharp.Community.CommunityAuthorization.DeleteUser(System.String)/returns;DocStr9686
P:StockSharp.Community.CommunityAuthorization.AllUsers/summary;DocStr9688
T:StockSharp.Community.FileClient/summary;DocStr2993
M:StockSharp.Community.FileClient.#ctor/summary;DocStr1
M:StockSharp.Community.FileClient.#ctor(System.Uri)/summary;DocStr1
M:StockSharp.Community.FileClient.#ctor(System.Uri)/param/address;DocStr2962
M:StockSharp.Community.FileClient.GetFile(System.Int64,System.Action{System.Int32},System.Func{System.Boolean})/summary;DocStr9030
M:StockSharp.Community.FileClient.GetFile(System.Int64,System.Action{System.Int32},System.Func{System.Boolean})/param/id;DocStr9031
M:StockSharp.Community.FileClient.GetFile(System.Int64,System.Action{System.Int32},System.Func{System.Boolean})/param/progress;DocStr9091
M:StockSharp.Community.FileClient.GetFile(System.Int64,System.Action{System.Int32},System.Func{System.Boolean})/param/cancel;DocStr9780
M:StockSharp.Community.FileClient.GetFile(System.Int64,System.Action{System.Int32},System.Func{System.Boolean})/returns;DocStr9032
M:StockSharp.Community.FileClient.GetFileInfo(System.Int64)/summary;DocStr9030
M:StockSharp.Community.FileClient.GetFileInfo(System.Int64)/param/id;DocStr9031
M:StockSharp.Community.FileClient.GetFileInfo(System.Int64)/returns;DocStr9032
M:StockSharp.Community.FileClient.Download(StockSharp.Community.FileData,System.Action{System.Int32},System.Func{System.Boolean})/summary;DocStr9088
M:StockSharp.Community.FileClient.Download(StockSharp.Community.FileData,System.Action{System.Int32},System.Func{System.Boolean})/param/data;DocStr9032
M:StockSharp.Community.FileClient.Download(StockSharp.Community.FileData,System.Action{System.Int32},System.Func{System.Boolean})/param/progress;DocStr9091
M:StockSharp.Community.FileClient.Download(StockSharp.Community.FileData,System.Action{System.Int32},System.Func{System.Boolean})/param/cancel;DocStr9780
M:StockSharp.Community.FileClient.Download(StockSharp.Community.FileData,System.Action{System.Int32},System.Func{System.Boolean})/returns;DocStr10237
M:StockSharp.Community.FileClient.Update(StockSharp.Community.FileData,System.Action{System.Int32},System.Func{System.Boolean})/summary;DocStr9089
M:StockSharp.Community.FileClient.Update(StockSharp.Community.FileData,System.Action{System.Int32},System.Func{System.Boolean})/param/data;DocStr9090
M:StockSharp.Community.FileClient.Update(StockSharp.Community.FileData,System.Action{System.Int32},System.Func{System.Boolean})/param/progress;DocStr9091
M:StockSharp.Community.FileClient.Update(StockSharp.Community.FileData,System.Action{System.Int32},System.Func{System.Boolean})/param/cancel;DocStr9780
M:StockSharp.Community.FileClient.Upload(System.String,System.Byte[],System.Boolean,System.Action{System.Int32},System.Func{System.Boolean})/summary;DocStr2994
M:StockSharp.Community.FileClient.Upload(System.String,System.Byte[],System.Boolean,System.Action{System.Int32},System.Func{System.Boolean})/param/fileName;Str2002
M:StockSharp.Community.FileClient.Upload(System.String,System.Byte[],System.Boolean,System.Action{System.Int32},System.Func{System.Boolean})/param/body;DocStr2995
M:StockSharp.Community.FileClient.Upload(System.String,System.Byte[],System.Boolean,System.Action{System.Int32},System.Func{System.Boolean})/param/isPublic;DocStr9033
M:StockSharp.Community.FileClient.Upload(System.String,System.Byte[],System.Boolean,System.Action{System.Int32},System.Func{System.Boolean})/param/progress;DocStr9091
M:StockSharp.Community.FileClient.Upload(System.String,System.Byte[],System.Boolean,System.Action{System.Int32},System.Func{System.Boolean})/param/cancel;DocStr9780
M:StockSharp.Community.FileClient.Upload(System.String,System.Byte[],System.Boolean,System.Action{System.Int32},System.Func{System.Boolean})/returns;DocStr10238
M:StockSharp.Community.FileClient.GetUploadLimit/summary;DocStr10166
M:StockSharp.Community.FileClient.GetUploadLimit/returns;DocStr10167
T:StockSharp.Community.IAuthenticationService/summary;DocStr2997
M:StockSharp.Community.IAuthenticationService.Login(System.String,System.String)/summary;DocStr2963
M:StockSharp.Community.IAuthenticationService.Login(System.String,System.String)/param/email;Email
M:StockSharp.Community.IAuthenticationService.Login(System.String,System.String)/param/password;Password
M:StockSharp.Community.IAuthenticationService.Login(System.String,System.String)/returns;DocStr138
M:StockSharp.Community.IAuthenticationService.Login2(StockSharp.Community.Products,System.String,System.String)/summary;DocStr2963
M:StockSharp.Community.IAuthenticationService.Login2(StockSharp.Community.Products,System.String,System.String)/param/product;Product
M:StockSharp.Community.IAuthenticationService.Login2(StockSharp.Community.Products,System.String,System.String)/param/email;Email
M:StockSharp.Community.IAuthenticationService.Login2(StockSharp.Community.Products,System.String,System.String)/param/password;Password
M:StockSharp.Community.IAuthenticationService.Login2(StockSharp.Community.Products,System.String,System.String)/returns;DocStr138
M:StockSharp.Community.IAuthenticationService.Login3(StockSharp.Community.Products,System.String,System.String,System.String)/summary;DocStr2963
M:StockSharp.Community.IAuthenticationService.Login3(StockSharp.Community.Products,System.String,System.String,System.String)/param/product;Product
M:StockSharp.Community.IAuthenticationService.Login3(StockSharp.Community.Products,System.String,System.String,System.String)/param/version;Version
M:StockSharp.Community.IAuthenticationService.Login3(StockSharp.Community.Products,System.String,System.String,System.String)/param/email;Email
M:StockSharp.Community.IAuthenticationService.Login3(StockSharp.Community.Products,System.String,System.String,System.String)/param/password;Password
M:StockSharp.Community.IAuthenticationService.Login3(StockSharp.Community.Products,System.String,System.String,System.String)/returns;DocStr138
M:StockSharp.Community.IAuthenticationService.Ping(System.Guid)/summary;DocStr8701
M:StockSharp.Community.IAuthenticationService.Ping(System.Guid)/param/sessionId;DocStr138
M:StockSharp.Community.IAuthenticationService.Logout(System.Guid)/summary;DocStr2964
M:StockSharp.Community.IAuthenticationService.Logout(System.Guid)/param/sessionId;DocStr138
M:StockSharp.Community.IAuthenticationService.GetId(System.Guid)/summary;DocStr2965
M:StockSharp.Community.IAuthenticationService.GetId(System.Guid)/param/sessionId;DocStr138
M:StockSharp.Community.IAuthenticationService.GetId(System.Guid)/returns;UserId
T:StockSharp.Community.IFileService/summary;DocStr3013
M:StockSharp.Community.IFileService.GetFileInfo(System.Guid,System.Int64)/summary;DocStr9030
M:StockSharp.Community.IFileService.GetFileInfo(System.Guid,System.Int64)/param/sessionId;DocStr138
M:StockSharp.Community.IFileService.GetFileInfo(System.Guid,System.Int64)/param/id;DocStr9031
M:StockSharp.Community.IFileService.GetFileInfo(System.Guid,System.Int64)/returns;DocStr9032
M:StockSharp.Community.IFileService.BeginDownload(System.Guid,System.Int64)/summary;DocStr9092
M:StockSharp.Community.IFileService.BeginDownload(System.Guid,System.Int64)/param/sessionId;DocStr138
M:StockSharp.Community.IFileService.BeginDownload(System.Guid,System.Int64)/param/id;DocStr9031
M:StockSharp.Community.IFileService.BeginDownload(System.Guid,System.Int64)/returns;DocStr9093
M:StockSharp.Community.IFileService.ProcessDownload(System.Guid,System.Int32,System.Int32)/summary;DocStr9094
M:StockSharp.Community.IFileService.ProcessDownload(System.Guid,System.Int32,System.Int32)/param/operationId;DocStr9095
M:StockSharp.Community.IFileService.ProcessDownload(System.Guid,System.Int32,System.Int32)/param/startIndex;DocStr9096
M:StockSharp.Community.IFileService.ProcessDownload(System.Guid,System.Int32,System.Int32)/param/count;DocStr9097
M:StockSharp.Community.IFileService.ProcessDownload(System.Guid,System.Int32,System.Int32)/returns;DocStr9098
M:StockSharp.Community.IFileService.FinishDownload(System.Guid,System.Boolean)/summary;DocStr9781
M:StockSharp.Community.IFileService.FinishDownload(System.Guid,System.Boolean)/param/operationId;DocStr9095
M:StockSharp.Community.IFileService.FinishDownload(System.Guid,System.Boolean)/param/isCancel;DocStr9103
M:StockSharp.Community.IFileService.BeginUpload(System.Guid,System.String,System.Boolean)/summary;DocStr9099
M:StockSharp.Community.IFileService.BeginUpload(System.Guid,System.String,System.Boolean)/param/sessionId;DocStr138
M:StockSharp.Community.IFileService.BeginUpload(System.Guid,System.String,System.Boolean)/param/fileName;Str2002
M:StockSharp.Community.IFileService.BeginUpload(System.Guid,System.String,System.Boolean)/param/isPublic;DocStr9033
M:StockSharp.Community.IFileService.BeginUpload(System.Guid,System.String,System.Boolean)/returns;DocStr9093
M:StockSharp.Community.IFileService.BeginUploadExisting(System.Guid,System.Int64)/summary;DocStr9099
M:StockSharp.Community.IFileService.BeginUploadExisting(System.Guid,System.Int64)/param/sessionId;DocStr138
M:StockSharp.Community.IFileService.BeginUploadExisting(System.Guid,System.Int64)/param/id;DocStr9031
M:StockSharp.Community.IFileService.BeginUploadExisting(System.Guid,System.Int64)/returns;DocStr9093
M:StockSharp.Community.IFileService.ProcessUpload(System.Guid,System.Byte[])/summary;DocStr9100
M:StockSharp.Community.IFileService.ProcessUpload(System.Guid,System.Byte[])/param/operationId;DocStr9101
M:StockSharp.Community.IFileService.ProcessUpload(System.Guid,System.Byte[])/param/bodyPart;DocStr9098
M:StockSharp.Community.IFileService.ProcessUpload(System.Guid,System.Byte[])/returns;DocStr3021
M:StockSharp.Community.IFileService.FinishUpload(System.Guid,System.Boolean)/summary;DocStr9102
M:StockSharp.Community.IFileService.FinishUpload(System.Guid,System.Boolean)/param/operationId;DocStr9101
M:StockSharp.Community.IFileService.FinishUpload(System.Guid,System.Boolean)/param/isCancel;DocStr9103
M:StockSharp.Community.IFileService.FinishUpload(System.Guid,System.Boolean)/returns;DocStr9031
M:StockSharp.Community.IFileService.Delete(System.Guid,System.Int64)/summary;DocStr9104
M:StockSharp.Community.IFileService.Delete(System.Guid,System.Int64)/param/sessionId;DocStr138
M:StockSharp.Community.IFileService.Delete(System.Guid,System.Int64)/param/id;DocStr9031
M:StockSharp.Community.IFileService.Delete(System.Guid,System.Int64)/returns;DocStr3021
M:StockSharp.Community.IFileService.GetUploadLimit(System.Guid)/summary;DocStr10166
M:StockSharp.Community.IFileService.GetUploadLimit(System.Guid)/param/sessionId;DocStr138
M:StockSharp.Community.IFileService.GetUploadLimit(System.Guid)/returns;DocStr10167
T:StockSharp.Community.INotificationService/summary;DocStr3014
M:StockSharp.Community.INotificationService.GetSmsCount(System.Guid)/summary;DocStr3015
M:StockSharp.Community.INotificationService.GetSmsCount(System.Guid)/param/sessionId;DocStr138
M:StockSharp.Community.INotificationService.GetSmsCount(System.Guid)/returns;DocStr3016
M:StockSharp.Community.INotificationService.GetEmailCount(System.Guid)/summary;DocStr3017
M:StockSharp.Community.INotificationService.GetEmailCount(System.Guid)/param/sessionId;DocStr138
M:StockSharp.Community.INotificationService.GetEmailCount(System.Guid)/returns;DocStr3018
M:StockSharp.Community.INotificationService.SendSms(System.Guid,System.String)/summary;DocStr3019
M:StockSharp.Community.INotificationService.SendSms(System.Guid,System.String)/param/sessionId;DocStr138
M:StockSharp.Community.INotificationService.SendSms(System.Guid,System.String)/param/message;DocStr3020
M:StockSharp.Community.INotificationService.SendSms(System.Guid,System.String)/returns;DocStr3021
M:StockSharp.Community.INotificationService.SendEmail(System.Guid,System.String,System.String)/summary;DocStr3022
M:StockSharp.Community.INotificationService.SendEmail(System.Guid,System.String,System.String)/param/sessionId;DocStr138
M:StockSharp.Community.INotificationService.SendEmail(System.Guid,System.String,System.String)/param/title;DocStr3023
M:StockSharp.Community.INotificationService.SendEmail(System.Guid,System.String,System.String)/param/body;DocStr3020
M:StockSharp.Community.INotificationService.SendEmail(System.Guid,System.String,System.String)/returns;DocStr3021
M:StockSharp.Community.INotificationService.SendMessage(System.Guid,System.String,System.String,System.Int64[],System.Boolean)/summary;DocStr9451
M:StockSharp.Community.INotificationService.SendMessage(System.Guid,System.String,System.String,System.Int64[],System.Boolean)/param/sessionId;DocStr138
M:StockSharp.Community.INotificationService.SendMessage(System.Guid,System.String,System.String,System.Int64[],System.Boolean)/param/title;DocStr3023
M:StockSharp.Community.INotificationService.SendMessage(System.Guid,System.String,System.String,System.Int64[],System.Boolean)/param/body;DocStr3020
M:StockSharp.Community.INotificationService.SendMessage(System.Guid,System.String,System.String,System.Int64[],System.Boolean)/param/attachments;DocStr9547
M:StockSharp.Community.INotificationService.SendMessage(System.Guid,System.String,System.String,System.Int64[],System.Boolean)/param/isEnglish;DocStr9452
M:StockSharp.Community.INotificationService.SendMessage(System.Guid,System.String,System.String,System.Int64[],System.Boolean)/returns;DocStr3021
M:StockSharp.Community.INotificationService.GetNews2(System.Guid,System.Boolean,System.Int64)/summary;DocStr3024
M:StockSharp.Community.INotificationService.GetNews2(System.Guid,System.Boolean,System.Int64)/param/sessionId;DocStr3025
M:StockSharp.Community.INotificationService.GetNews2(System.Guid,System.Boolean,System.Int64)/param/isEnglish;DocStr9195
M:StockSharp.Community.INotificationService.GetNews2(System.Guid,System.Boolean,System.Int64)/param/fromId;DocStr3026
M:StockSharp.Community.INotificationService.GetNews2(System.Guid,System.Boolean,System.Int64)/returns;DocStr3027
M:StockSharp.Community.INotificationService.HasFeedback(System.Guid,StockSharp.Community.Products)/summary;DocStr9823
M:StockSharp.Community.INotificationService.HasFeedback(System.Guid,StockSharp.Community.Products)/param/sessionId;DocStr138
M:StockSharp.Community.INotificationService.HasFeedback(System.Guid,StockSharp.Community.Products)/param/product;Product
M:StockSharp.Community.INotificationService.HasFeedback(System.Guid,StockSharp.Community.Products)/returns;DocStr8659
M:StockSharp.Community.INotificationService.SendFeedback(System.Guid,StockSharp.Community.Products,System.Int32,System.String)/summary;DocStr9824
M:StockSharp.Community.INotificationService.SendFeedback(System.Guid,StockSharp.Community.Products,System.Int32,System.String)/param/sessionId;DocStr138
M:StockSharp.Community.INotificationService.SendFeedback(System.Guid,StockSharp.Community.Products,System.Int32,System.String)/param/product;Product
M:StockSharp.Community.INotificationService.SendFeedback(System.Guid,StockSharp.Community.Products,System.Int32,System.String)/param/rating;DocStr9825
M:StockSharp.Community.INotificationService.SendFeedback(System.Guid,StockSharp.Community.Products,System.Int32,System.String)/param/comment;Str135
M:StockSharp.Community.INotificationService.SendFeedback(System.Guid,StockSharp.Community.Products,System.Int32,System.String)/returns;DocStr3021
T:StockSharp.Community.IProfileService/summary;DocStr3037
M:StockSharp.Community.IProfileService.CreateProfile(StockSharp.Community.Profile)/summary;DocStr3038
M:StockSharp.Community.IProfileService.CreateProfile(StockSharp.Community.Profile)/param/profile;DocStr3028
M:StockSharp.Community.IProfileService.CreateProfile(StockSharp.Community.Profile)/returns;DocStr3021
M:StockSharp.Community.IProfileService.SendEmail(System.String)/summary;DocStr3039
M:StockSharp.Community.IProfileService.SendEmail(System.String)/param/email;EmailAddress
M:StockSharp.Community.IProfileService.SendEmail(System.String)/returns;DocStr3021
M:StockSharp.Community.IProfileService.ValidateEmail(System.String,System.String)/summary;DocStr3040
M:StockSharp.Community.IProfileService.ValidateEmail(System.String,System.String)/param/email;EmailAddress
M:StockSharp.Community.IProfileService.ValidateEmail(System.String,System.String)/param/emailCode;DocStr3041
M:StockSharp.Community.IProfileService.ValidateEmail(System.String,System.String)/returns;DocStr3021
M:StockSharp.Community.IProfileService.SendSms(System.String,System.String)/summary;DocStr3042
M:StockSharp.Community.IProfileService.SendSms(System.String,System.String)/param/email;EmailAddress
M:StockSharp.Community.IProfileService.SendSms(System.String,System.String)/param/phone;Phone
M:StockSharp.Community.IProfileService.SendSms(System.String,System.String)/returns;DocStr3021
M:StockSharp.Community.IProfileService.ValidatePhone(System.String,System.String)/summary;DocStr3043
M:StockSharp.Community.IProfileService.ValidatePhone(System.String,System.String)/param/email;EmailAddress
M:StockSharp.Community.IProfileService.ValidatePhone(System.String,System.String)/param/smsCode;DocStr3044
M:StockSharp.Community.IProfileService.ValidatePhone(System.String,System.String)/returns;DocStr3021
M:StockSharp.Community.IProfileService.UpdateProfile(System.Guid,StockSharp.Community.Profile)/summary;DocStr3045
M:StockSharp.Community.IProfileService.UpdateProfile(System.Guid,StockSharp.Community.Profile)/param/sessionId;DocStr138
M:StockSharp.Community.IProfileService.UpdateProfile(System.Guid,StockSharp.Community.Profile)/param/profile;DocStr3028
M:StockSharp.Community.IProfileService.UpdateProfile(System.Guid,StockSharp.Community.Profile)/returns;DocStr3021
M:StockSharp.Community.IProfileService.GetProfile(System.Guid)/summary;DocStr3046
M:StockSharp.Community.IProfileService.GetProfile(System.Guid)/param/sessionId;DocStr138
M:StockSharp.Community.IProfileService.GetProfile(System.Guid)/returns;DocStr3028
M:StockSharp.Community.IProfileService.GetUserProfile(System.Int64)/summary;DocStr9034
M:StockSharp.Community.IProfileService.GetUserProfile(System.Int64)/param/userId;DocStr9035
M:StockSharp.Community.IProfileService.GetUserProfile(System.Int64)/returns;DocStr9036
T:StockSharp.Community.IStrategyService/summary;DocStr3050
M:StockSharp.Community.IStrategyService.CreateStrategy(System.Guid,System.Boolean,StockSharp.Community.StrategyData)/summary;DocStr3051
M:StockSharp.Community.IStrategyService.CreateStrategy(System.Guid,System.Boolean,StockSharp.Community.StrategyData)/param/sessionId;DocStr138
M:StockSharp.Community.IStrategyService.CreateStrategy(System.Guid,System.Boolean,StockSharp.Community.StrategyData)/param/isEnglish;DocStr9827
M:StockSharp.Community.IStrategyService.CreateStrategy(System.Guid,System.Boolean,StockSharp.Community.StrategyData)/param/strategy;DocStr3052
M:StockSharp.Community.IStrategyService.CreateStrategy(System.Guid,System.Boolean,StockSharp.Community.StrategyData)/returns;DocStr3053
M:StockSharp.Community.IStrategyService.UpdateStrategy(System.Guid,StockSharp.Community.StrategyData)/summary;DocStr3054
M:StockSharp.Community.IStrategyService.UpdateStrategy(System.Guid,StockSharp.Community.StrategyData)/param/sessionId;DocStr138
M:StockSharp.Community.IStrategyService.UpdateStrategy(System.Guid,StockSharp.Community.StrategyData)/param/strategy;DocStr3052
M:StockSharp.Community.IStrategyService.UpdateStrategy(System.Guid,StockSharp.Community.StrategyData)/returns;DocStr3021
M:StockSharp.Community.IStrategyService.DeleteStrategy(System.Guid,System.Int64)/summary;DocStr3055
M:StockSharp.Community.IStrategyService.DeleteStrategy(System.Guid,System.Int64)/param/sessionId;DocStr138
M:StockSharp.Community.IStrategyService.DeleteStrategy(System.Guid,System.Int64)/param/strategyId;DocStr3053
M:StockSharp.Community.IStrategyService.DeleteStrategy(System.Guid,System.Int64)/returns;DocStr3021
M:StockSharp.Community.IStrategyService.GetStrategies(System.DateTime,System.Boolean)/summary;DocStr3056
M:StockSharp.Community.IStrategyService.GetStrategies(System.DateTime,System.Boolean)/param/lastCheckTime;DocStr9037
M:StockSharp.Community.IStrategyService.GetStrategies(System.DateTime,System.Boolean)/param/isEnglish;DocStr9828
M:StockSharp.Community.IStrategyService.GetStrategies(System.DateTime,System.Boolean)/returns;DocStr9038
M:StockSharp.Community.IStrategyService.GetDescription(System.Int64[])/summary;DocStr3059
M:StockSharp.Community.IStrategyService.GetDescription(System.Int64[])/param/strategyIds;DocStr3057
M:StockSharp.Community.IStrategyService.GetDescription(System.Int64[])/returns;DocStr3060
M:StockSharp.Community.IStrategyService.GetSubscriptions(System.Guid,System.DateTime)/summary;DocStr9041
M:StockSharp.Community.IStrategyService.GetSubscriptions(System.Guid,System.DateTime)/param/sessionId;DocStr138
M:StockSharp.Community.IStrategyService.GetSubscriptions(System.Guid,System.DateTime)/param/lastCheckTime;DocStr9037
M:StockSharp.Community.IStrategyService.GetSubscriptions(System.Guid,System.DateTime)/returns;DocStr9042
M:StockSharp.Community.IStrategyService.Subscribe(System.Guid,System.Int64,System.Boolean)/summary;DocStr3062
M:StockSharp.Community.IStrategyService.Subscribe(System.Guid,System.Int64,System.Boolean)/param/sessionId;DocStr138
M:StockSharp.Community.IStrategyService.Subscribe(System.Guid,System.Int64,System.Boolean)/param/strategyId;DocStr3053
M:StockSharp.Community.IStrategyService.Subscribe(System.Guid,System.Int64,System.Boolean)/param/isAutoRenew;DocStr9043
M:StockSharp.Community.IStrategyService.Subscribe(System.Guid,System.Int64,System.Boolean)/returns;DocStr9044
M:StockSharp.Community.IStrategyService.UnSubscribe(System.Guid,System.Int64)/summary;DocStr3063
M:StockSharp.Community.IStrategyService.UnSubscribe(System.Guid,System.Int64)/param/sessionId;DocStr138
M:StockSharp.Community.IStrategyService.UnSubscribe(System.Guid,System.Int64)/param/subscriptionId;DocStr9045
M:StockSharp.Community.IStrategyService.UnSubscribe(System.Guid,System.Int64)/returns;DocStr3021
M:StockSharp.Community.IStrategyService.GetBacktests(System.Guid,System.DateTime,System.DateTime)/summary;DocStr9105
M:StockSharp.Community.IStrategyService.GetBacktests(System.Guid,System.DateTime,System.DateTime)/param/sessionId;DocStr138
M:StockSharp.Community.IStrategyService.GetBacktests(System.Guid,System.DateTime,System.DateTime)/param/from;DocStr9106
M:StockSharp.Community.IStrategyService.GetBacktests(System.Guid,System.DateTime,System.DateTime)/param/to;DocStr9107
M:StockSharp.Community.IStrategyService.GetBacktests(System.Guid,System.DateTime,System.DateTime)/returns;DocStr9108
M:StockSharp.Community.IStrategyService.GetApproximateAmount(System.Guid,StockSharp.Community.StrategyBacktest)/summary;DocStr9109
M:StockSharp.Community.IStrategyService.GetApproximateAmount(System.Guid,StockSharp.Community.StrategyBacktest)/param/sessionId;DocStr138
M:StockSharp.Community.IStrategyService.GetApproximateAmount(System.Guid,StockSharp.Community.StrategyBacktest)/param/backtest;DocStr9110
M:StockSharp.Community.IStrategyService.GetApproximateAmount(System.Guid,StockSharp.Community.StrategyBacktest)/returns;DocStr9111
M:StockSharp.Community.IStrategyService.StartBacktest(System.Guid,StockSharp.Community.StrategyBacktest)/summary;DocStr9112
M:StockSharp.Community.IStrategyService.StartBacktest(System.Guid,StockSharp.Community.StrategyBacktest)/param/sessionId;DocStr138
M:StockSharp.Community.IStrategyService.StartBacktest(System.Guid,StockSharp.Community.StrategyBacktest)/param/backtest;DocStr9110
M:StockSharp.Community.IStrategyService.StartBacktest(System.Guid,StockSharp.Community.StrategyBacktest)/returns;DocStr9113
M:StockSharp.Community.IStrategyService.StopBacktest(System.Guid,System.Int64)/summary;DocStr9114
M:StockSharp.Community.IStrategyService.StopBacktest(System.Guid,System.Int64)/param/sessionId;DocStr138
M:StockSharp.Community.IStrategyService.StopBacktest(System.Guid,System.Int64)/param/backtestId;DocStr9113
M:StockSharp.Community.IStrategyService.StopBacktest(System.Guid,System.Int64)/returns;DocStr3021
M:StockSharp.Community.IStrategyService.GetCompletedIterationCount(System.Guid,System.Int64)/summary;DocStr9115
M:StockSharp.Community.IStrategyService.GetCompletedIterationCount(System.Guid,System.Int64)/param/sessionId;DocStr138
M:StockSharp.Community.IStrategyService.GetCompletedIterationCount(System.Guid,System.Int64)/param/backtestId;DocStr9113
M:StockSharp.Community.IStrategyService.GetCompletedIterationCount(System.Guid,System.Int64)/returns;DocStr9116
M:StockSharp.Community.IStrategyService.GetBacktestResult(System.Guid,System.Int64)/summary;DocStr9117
M:StockSharp.Community.IStrategyService.GetBacktestResult(System.Guid,System.Int64)/param/sessionId;DocStr138
M:StockSharp.Community.IStrategyService.GetBacktestResult(System.Guid,System.Int64)/param/backtestId;DocStr9113
M:StockSharp.Community.IStrategyService.GetBacktestResult(System.Guid,System.Int64)/returns;DocStr9118
T:StockSharp.Community.NotificationClient/summary;DocStr3070
M:StockSharp.Community.NotificationClient.#ctor/summary;DocStr1
M:StockSharp.Community.NotificationClient.#ctor(System.Uri)/summary;DocStr1
M:StockSharp.Community.NotificationClient.#ctor(System.Uri)/param/address;DocStr2962
P:StockSharp.Community.NotificationClient.SmsCount/summary;DocStr3016
P:StockSharp.Community.NotificationClient.EmailCount/summary;DocStr3018
M:StockSharp.Community.NotificationClient.SendSms(System.String)/summary;DocStr3019
M:StockSharp.Community.NotificationClient.SendSms(System.String)/param/message;DocStr3020
M:StockSharp.Community.NotificationClient.SendEmail(System.String,System.String)/summary;DocStr3022
M:StockSharp.Community.NotificationClient.SendEmail(System.String,System.String)/param/title;DocStr3023
M:StockSharp.Community.NotificationClient.SendEmail(System.String,System.String)/param/body;DocStr3020
M:StockSharp.Community.NotificationClient.SendMessage(System.String,System.String,StockSharp.Community.FileData[])/summary;DocStr9451
M:StockSharp.Community.NotificationClient.SendMessage(System.String,System.String,StockSharp.Community.FileData[])/param/title;DocStr3023
M:StockSharp.Community.NotificationClient.SendMessage(System.String,System.String,StockSharp.Community.FileData[])/param/body;DocStr3020
M:StockSharp.Community.NotificationClient.SendMessage(System.String,System.String,StockSharp.Community.FileData[])/param/attachments;DocStr9547
M:StockSharp.Community.NotificationClient.SendFeedback(StockSharp.Community.Products,System.Int32,System.String)/summary;DocStr9824
M:StockSharp.Community.NotificationClient.SendFeedback(StockSharp.Community.Products,System.Int32,System.String)/param/product;Product
M:StockSharp.Community.NotificationClient.SendFeedback(StockSharp.Community.Products,System.Int32,System.String)/param/rating;DocStr9825
M:StockSharp.Community.NotificationClient.SendFeedback(StockSharp.Community.Products,System.Int32,System.String)/param/comment;Str135
M:StockSharp.Community.NotificationClient.HasFeedback(StockSharp.Community.Products)/summary;DocStr9823
M:StockSharp.Community.NotificationClient.HasFeedback(StockSharp.Community.Products)/param/product;Product
M:StockSharp.Community.NotificationClient.HasFeedback(StockSharp.Community.Products)/returns;DocStr8659
E:StockSharp.Community.NotificationClient.NewsReceived/summary;DocStr887
M:StockSharp.Community.NotificationClient.SubscribeNews/summary;DocStr3071
M:StockSharp.Community.NotificationClient.UnSubscribeNews/summary;DocStr3072
M:StockSharp.Community.NotificationClient.DisposeManaged/summary;DocStr7
T:StockSharp.Community.Profile/summary;DocStr3028
P:StockSharp.Community.Profile.Id/summary;Str361
P:StockSharp.Community.Profile.Password/summary;DocStr3029
P:StockSharp.Community.Profile.DisplayName/summary;DocStr9078
P:StockSharp.Community.Profile.Email/summary;EmailAddress
P:StockSharp.Community.Profile.Phone/summary;Phone
P:StockSharp.Community.Profile.Homepage/summary;WebSite
P:StockSharp.Community.Profile.Skype/summary;Skype
P:StockSharp.Community.Profile.City/summary;City
P:StockSharp.Community.Profile.Gender/summary;Gender
P:StockSharp.Community.Profile.IsSubscription/summary;DocStr8694
P:StockSharp.Community.Profile.Language/summary;Str3429
P:StockSharp.Community.Profile.Balance/summary;Str1325
P:StockSharp.Community.Profile.Avatar/summary;Str1325
P:StockSharp.Community.Profile.CreationDate/summary;DocStr9119
T:StockSharp.Community.ProfileClient/summary;DocStr3073
M:StockSharp.Community.ProfileClient.#ctor/summary;DocStr1
M:StockSharp.Community.ProfileClient.#ctor(System.Uri)/summary;DocStr1
M:StockSharp.Community.ProfileClient.#ctor(System.Uri)/param/address;DocStr2962
M:StockSharp.Community.ProfileClient.CreateProfile(StockSharp.Community.Profile)/summary;DocStr3038
M:StockSharp.Community.ProfileClient.CreateProfile(StockSharp.Community.Profile)/param/profile;DocStr3028
M:StockSharp.Community.ProfileClient.SendEmail(System.String)/summary;DocStr3039
M:StockSharp.Community.ProfileClient.SendEmail(System.String)/param/email;EmailAddress
M:StockSharp.Community.ProfileClient.ValidateEmail(System.String,System.String)/summary;DocStr3040
M:StockSharp.Community.ProfileClient.ValidateEmail(System.String,System.String)/param/email;EmailAddress
M:StockSharp.Community.ProfileClient.ValidateEmail(System.String,System.String)/param/emailCode;DocStr3041
M:StockSharp.Community.ProfileClient.SendSms(System.String,System.String)/summary;DocStr3042
M:StockSharp.Community.ProfileClient.SendSms(System.String,System.String)/param/email;EmailAddress
M:StockSharp.Community.ProfileClient.SendSms(System.String,System.String)/param/phone;Phone
M:StockSharp.Community.ProfileClient.ValidatePhone(System.String,System.String)/summary;DocStr3043
M:StockSharp.Community.ProfileClient.ValidatePhone(System.String,System.String)/param/email;EmailAddress
M:StockSharp.Community.ProfileClient.ValidatePhone(System.String,System.String)/param/smsCode;DocStr3044
M:StockSharp.Community.ProfileClient.UpdateProfile(StockSharp.Community.Profile)/summary;DocStr3045
M:StockSharp.Community.ProfileClient.UpdateProfile(StockSharp.Community.Profile)/param/profile;DocStr3028
M:StockSharp.Community.ProfileClient.GetProfile/summary;DocStr3046
M:StockSharp.Community.ProfileClient.GetProfile/returns;DocStr3028
M:StockSharp.Community.ProfileClient.GetUserProfile(System.Int64)/summary;DocStr9034
M:StockSharp.Community.ProfileClient.GetUserProfile(System.Int64)/param/userId;DocStr9035
M:StockSharp.Community.ProfileClient.GetUserProfile(System.Int64)/returns;DocStr9036
T:StockSharp.Community.ServerCredentials/summary;DocStr3074
M:StockSharp.Community.ServerCredentials.#ctor/summary;DocStr1
P:StockSharp.Community.ServerCredentials.Email/summary;Email
P:StockSharp.Community.ServerCredentials.Password/summary;Password
P:StockSharp.Community.ServerCredentials.AutoLogon/summary;XamlStr78
M:StockSharp.Community.ServerCredentials.Load(Ecng.Serialization.SettingsStorage)/summary;DocStr2
M:StockSharp.Community.ServerCredentials.Load(Ecng.Serialization.SettingsStorage)/param/storage;DocStr3
M:StockSharp.Community.ServerCredentials.Save(Ecng.Serialization.SettingsStorage)/summary;DocStr4
M:StockSharp.Community.ServerCredentials.Save(Ecng.Serialization.SettingsStorage)/param/storage;DocStr3
T:StockSharp.Community.ServerCredentialsExtensions/summary;DocStr4290
F:StockSharp.Community.ServerCredentialsExtensions.StockSharpFolder/summary;DocStr9169
M:StockSharp.Community.ServerCredentialsExtensions.TryLoadCredentials(StockSharp.Community.ServerCredentials)/summary;DocStr9170
M:StockSharp.Community.ServerCredentialsExtensions.TryLoadCredentials(StockSharp.Community.ServerCredentials)/param/credentials;DocStr3074
M:StockSharp.Community.ServerCredentialsExtensions.TryLoadCredentials(StockSharp.Community.ServerCredentials)/returns;DocStr9171
M:StockSharp.Community.ServerCredentialsExtensions.SaveCredentials(StockSharp.Community.ServerCredentials)/summary;DocStr9172
M:StockSharp.Community.ServerCredentialsExtensions.SaveCredentials(StockSharp.Community.ServerCredentials)/param/credentials;DocStr3074
M:StockSharp.Community.ServerCredentialsExtensions.SaveCredentials(StockSharp.Community.ServerCredentials,System.Boolean)/summary;DocStr9172
M:StockSharp.Community.ServerCredentialsExtensions.SaveCredentials(StockSharp.Community.ServerCredentials,System.Boolean)/param/credentials;DocStr3074
M:StockSharp.Community.ServerCredentialsExtensions.SaveCredentials(StockSharp.Community.ServerCredentials,System.Boolean)/param/savePassword;DocStr9783
T:StockSharp.Community.StrategyClient/summary;DocStr2979
M:StockSharp.Community.StrategyClient.#ctor/summary;DocStr1
M:StockSharp.Community.StrategyClient.#ctor(System.Uri)/summary;DocStr1
M:StockSharp.Community.StrategyClient.#ctor(System.Uri)/param/address;ServerAddress
P:StockSharp.Community.StrategyClient.Strategies/summary;DocStr9050
P:StockSharp.Community.StrategyClient.Subscriptions/summary;DocStr9051
P:StockSharp.Community.StrategyClient.StrategyBacktests/summary;DocStr9120
E:StockSharp.Community.StrategyClient.StrategyCreated/summary;DocStr9052
E:StockSharp.Community.StrategyClient.StrategyUpdated/summary;DocStr9053
E:StockSharp.Community.StrategyClient.StrategyDeleted/summary;DocStr9054
E:StockSharp.Community.StrategyClient.StrategySubscribed/summary;DocStr9076
E:StockSharp.Community.StrategyClient.StrategyUnSubscribed/summary;DocStr9077
E:StockSharp.Community.StrategyClient.BacktestProgressChanged/summary;DocStr9121
E:StockSharp.Community.StrategyClient.BacktestStopped/summary;DocStr9122
M:StockSharp.Community.StrategyClient.CreateStrategy(StockSharp.Community.StrategyData)/summary;DocStr3051
M:StockSharp.Community.StrategyClient.CreateStrategy(StockSharp.Community.StrategyData)/param/strategy;DocStr3052
M:StockSharp.Community.StrategyClient.UpdateStrategy(StockSharp.Community.StrategyData)/summary;DocStr3054
M:StockSharp.Community.StrategyClient.UpdateStrategy(StockSharp.Community.StrategyData)/param/strategy;DocStr3052
M:StockSharp.Community.StrategyClient.DeleteStrategy(StockSharp.Community.StrategyData)/summary;DocStr3055
M:StockSharp.Community.StrategyClient.DeleteStrategy(StockSharp.Community.StrategyData)/param/strategy;DocStr3052
M:StockSharp.Community.StrategyClient.Subscribe(StockSharp.Community.StrategyData,System.Boolean)/summary;DocStr3062
M:StockSharp.Community.StrategyClient.Subscribe(StockSharp.Community.StrategyData,System.Boolean)/param/isAutoRenew;DocStr9043
M:StockSharp.Community.StrategyClient.Subscribe(StockSharp.Community.StrategyData,System.Boolean)/param/strategy;DocStr3052
M:StockSharp.Community.StrategyClient.Subscribe(StockSharp.Community.StrategyData,System.Boolean)/returns;DocStr9044
M:StockSharp.Community.StrategyClient.UnSubscribe(StockSharp.Community.StrategySubscription)/summary;DocStr3063
M:StockSharp.Community.StrategyClient.UnSubscribe(StockSharp.Community.StrategySubscription)/param/subscription;DocStr9044
M:StockSharp.Community.StrategyClient.GetApproximateAmount(StockSharp.Community.StrategyBacktest)/summary;DocStr9109
M:StockSharp.Community.StrategyClient.GetApproximateAmount(StockSharp.Community.StrategyBacktest)/param/backtest;DocStr9110
M:StockSharp.Community.StrategyClient.GetApproximateAmount(StockSharp.Community.StrategyBacktest)/returns;DocStr9111
M:StockSharp.Community.StrategyClient.StartBacktest(StockSharp.Community.StrategyBacktest)/summary;DocStr9112
M:StockSharp.Community.StrategyClient.StartBacktest(StockSharp.Community.StrategyBacktest)/param/backtest;DocStr9110
M:StockSharp.Community.StrategyClient.StopBacktest(StockSharp.Community.StrategyBacktest)/summary;DocStr9114
M:StockSharp.Community.StrategyClient.StopBacktest(StockSharp.Community.StrategyBacktest)/param/backtest;DocStr9110
M:StockSharp.Community.StrategyClient.GetDescription(System.Int64)/summary;DocStr9864
M:StockSharp.Community.StrategyClient.GetDescription(System.Int64)/param/id;Str361
M:StockSharp.Community.StrategyClient.GetDescription(System.Int64)/returns;DocStr3052
M:StockSharp.Community.StrategyClient.DisposeManaged/summary;DocStr7
T:StockSharp.Community.StrategyContentTypes/summary;DocStr9056
F:StockSharp.Community.StrategyContentTypes.SourceCode/summary;DocStr3079
F:StockSharp.Community.StrategyContentTypes.CompiledAssembly/summary;DocStr3080
F:StockSharp.Community.StrategyContentTypes.Schema/summary;DocStr9057
F:StockSharp.Community.StrategyContentTypes.EncryptedSchema/summary;DocStr9058
F:StockSharp.Community.StrategyContentTypes.StandaloneApp/summary;DocStr9790
F:StockSharp.Community.StrategyContentTypes.Indicator/summary;Str1981
T:StockSharp.Community.StrategyPriceTypes/summary;DocStr9059
F:StockSharp.Community.StrategyPriceTypes.Lifetime/summary;Lifetime
F:StockSharp.Community.StrategyPriceTypes.PerMonth/summary;PerMonth
F:StockSharp.Community.StrategyPriceTypes.Annual/summary;Annual
T:StockSharp.Community.StrategyData/summary;DocStr3052
P:StockSharp.Community.StrategyData.Id/summary;Str361
P:StockSharp.Community.StrategyData.CreationDate/summary;DocStr3076
P:StockSharp.Community.StrategyData.Name/summary;Name2
P:StockSharp.Community.StrategyData.Description/summary;Str3185
P:StockSharp.Community.StrategyData.Tags/summary;DocStr9829
P:StockSharp.Community.StrategyData.DescriptionId/summary;DocStr3077
P:StockSharp.Community.StrategyData.PriceType/summary;DocStr9067
P:StockSharp.Community.StrategyData.Price/summary;DocStr3078
P:StockSharp.Community.StrategyData.ContentType/summary;DocStr9067
P:StockSharp.Community.StrategyData.Content/summary;DocStr9069
P:StockSharp.Community.StrategyData.Author/summary;DocStr3081
P:StockSharp.Community.StrategyData.Picture/summary;DocStr9070
P:StockSharp.Community.StrategyData.Revision/summary;DocStr9071
P:StockSharp.Community.StrategyData.UserId/summary;DocStr9035
P:StockSharp.Community.StrategyData.IsPrivate/summary;DocStr9123
P:StockSharp.Community.StrategyData.IsColocation/summary;DocStr9830
P:StockSharp.Community.StrategyData.PromoPrice/summary;DocStr9831
P:StockSharp.Community.StrategyData.PromoEnd/summary;DocStr9832
T:StockSharp.Community.StrategySubscription/summary;DocStr9044
P:StockSharp.Community.StrategySubscription.Id/summary;Str361
P:StockSharp.Community.StrategySubscription.StrategyId/summary;DocStr9072
P:StockSharp.Community.StrategySubscription.Start/summary;StartTime
P:StockSharp.Community.StrategySubscription.End/summary;XamlStr387
P:StockSharp.Community.StrategySubscription.Amount/summary;DocStr9073
P:StockSharp.Community.StrategySubscription.HardwareId/summary;DocStr3872
P:StockSharp.Community.StrategySubscription.Account/summary;DocStr3873
P:StockSharp.Community.StrategySubscription.IsAutoRenew/summary;DocStr9043
T:StockSharp.Community.Products/summary;DocStr2998
F:StockSharp.Community.Products.Api/summary;DocStr2999
F:StockSharp.Community.Products.Hydra/summary;DocStr3000
F:StockSharp.Community.Products.Studio/summary;DocStr3001
F:StockSharp.Community.Products.Designer/summary;DocStr8696
F:StockSharp.Community.Products.Terminal/summary;DocStr8696
F:StockSharp.Community.Products.Server/summary;DocStr3002
T:StockSharp.Community.ISessionService/summary;DocStr3037
M:StockSharp.Community.ISessionService.CreateSession(StockSharp.Community.Products,System.Guid)/summary;DocStr8697
M:StockSharp.Community.ISessionService.CreateSession(StockSharp.Community.Products,System.Guid)/param/product;Product
M:StockSharp.Community.ISessionService.CreateSession(StockSharp.Community.Products,System.Guid)/param/sessionId;DocStr8699
M:StockSharp.Community.ISessionService.CreateSession(StockSharp.Community.Products,System.Guid)/returns;DocStr8700
M:StockSharp.Community.ISessionService.Ping(System.Int64)/summary;DocStr8701
M:StockSharp.Community.ISessionService.Ping(System.Int64)/param/sessionId;DocStr8700
M:StockSharp.Community.ISessionService.CloseSession(System.Int64)/summary;DocStr8702
M:StockSharp.Community.ISessionService.CloseSession(System.Int64)/param/sessionId;DocStr8700
T:StockSharp.Community.FileData/summary;DocStr9032
P:StockSharp.Community.FileData.Id/summary;Str361
P:StockSharp.Community.FileData.FileName/summary;Str2002
P:StockSharp.Community.FileData.Body/summary;DocStr2995
P:StockSharp.Community.FileData.BodyLength/summary;DocStr9124
P:StockSharp.Community.FileData.IsPublic/summary;DocStr9033
P:StockSharp.Community.FileData.Url/summary;DocStr9125
P:StockSharp.Community.FileData.CreationDate/summary;DocStr9126
T:StockSharp.Community.StrategyBacktestMarketData/summary;DocStr9127
F:StockSharp.Community.StrategyBacktestMarketData.Ticks/summary;Ticks
F:StockSharp.Community.StrategyBacktestMarketData.OrderBook/summary;DocStr8573
F:StockSharp.Community.StrategyBacktestMarketData.OrderLog/summary;DocStr9128
T:StockSharp.Community.StrategyBacktestIteration/summary;DocStr9129
P:StockSharp.Community.StrategyBacktestIteration.Id/summary;Str361
P:StockSharp.Community.StrategyBacktestIteration.BacktestId/summary;DocStr9130
P:StockSharp.Community.StrategyBacktestIteration.Begin/summary;DocStr9131
P:StockSharp.Community.StrategyBacktestIteration.End/summary;XamlStr387
T:StockSharp.Community.StrategyBacktest/summary;DocStr9110
P:StockSharp.Community.StrategyBacktest.Id/summary;Str361
P:StockSharp.Community.StrategyBacktest.StrategyId/summary;DocStr3053
P:StockSharp.Community.StrategyBacktest.MarketData/summary;DocStr9132
P:StockSharp.Community.StrategyBacktest.SecurityId/summary;DocStr9133
P:StockSharp.Community.StrategyBacktest.Iterations/summary;DocStr9134
P:StockSharp.Community.StrategyBacktest.MachineCount/summary;DocStr9135
P:StockSharp.Community.StrategyBacktest.MaxAmount/summary;DocStr9136
P:StockSharp.Community.StrategyBacktest.IsMaxAmountUsd/summary;DocStr9137
P:StockSharp.Community.StrategyBacktest.CreationDate/summary;DocStr9126
