T:StockSharp.BusinessEntities.AggregatedQuote/summary;DocStr2608
M:StockSharp.BusinessEntities.AggregatedQuote.#ctor(System.Boolean)/summary;DocStr1
M:StockSharp.BusinessEntities.AggregatedQuote.#ctor(System.Boolean)/param/checkInnerPrice;DocStr2612
P:StockSharp.BusinessEntities.AggregatedQuote.InnerQuotes/summary;DocStr2613
M:StockSharp.BusinessEntities.AggregatedQuote.Clone/summary;DocStr643
M:StockSharp.BusinessEntities.AggregatedQuote.Clone/returns;DocStr1116
T:StockSharp.BusinessEntities.BasePosition/summary;DocStr2614
M:StockSharp.BusinessEntities.BasePosition.#ctor/summary;DocStr93
P:StockSharp.BusinessEntities.BasePosition.BeginValue/summary;Str424
P:StockSharp.BusinessEntities.BasePosition.CurrentValue/summary;Str425
P:StockSharp.BusinessEntities.BasePosition.BlockedValue/summary;Str426
P:StockSharp.BusinessEntities.BasePosition.ExtensionInfo/summary;ExtendedInfo
P:StockSharp.BusinessEntities.BasePosition.ExtensionInfo/remarks;DocStr2617
P:StockSharp.BusinessEntities.BasePosition.CurrentPrice/summary;Str256
P:StockSharp.BusinessEntities.BasePosition.AveragePrice/summary;DocStr7578
P:StockSharp.BusinessEntities.BasePosition.UnrealizedPnL/summary;Str258
P:StockSharp.BusinessEntities.BasePosition.RealizedPnL/summary;Str259
P:StockSharp.BusinessEntities.BasePosition.VariationMargin/summary;Str260
P:StockSharp.BusinessEntities.BasePosition.Commission/summary;Str262
P:StockSharp.BusinessEntities.BasePosition.SettlementPrice/summary;Str312
P:StockSharp.BusinessEntities.BasePosition.LastChangeTime/summary;Str435
P:StockSharp.BusinessEntities.BasePosition.LocalTime/summary;DocStr2618
P:StockSharp.BusinessEntities.BasePosition.Description/summary;Str269
P:StockSharp.BusinessEntities.BasePosition.Currency/summary;Str251
P:StockSharp.BusinessEntities.BasePosition.ExpirationDate/summary;ExpiryDate
P:StockSharp.BusinessEntities.BasePosition.ClientCode/summary;ClientCodeDesc
M:StockSharp.BusinessEntities.BasePosition.CopyTo(StockSharp.BusinessEntities.BasePosition)/summary;DocStr2615
M:StockSharp.BusinessEntities.BasePosition.CopyTo(StockSharp.BusinessEntities.BasePosition)/param/destination;DocStr2616
T:StockSharp.BusinessEntities.Exchange/summary;ExchangeInfo
M:StockSharp.BusinessEntities.Exchange.#ctor/summary;DocStr1
P:StockSharp.BusinessEntities.Exchange.Name/summary;DocStr2639
P:StockSharp.BusinessEntities.Exchange.RusName/summary;DocStr2640
P:StockSharp.BusinessEntities.Exchange.EngName/summary;DocStr2641
P:StockSharp.BusinessEntities.Exchange.CountryCode/summary;DocStr2642
P:StockSharp.BusinessEntities.Exchange.ExtensionInfo/summary;DocStr2690
P:StockSharp.BusinessEntities.Exchange.ExtensionInfo/remarks;DocStr2691
M:StockSharp.BusinessEntities.Exchange.ToString/summary;DocStr49
M:StockSharp.BusinessEntities.Exchange.ToString/returns;DocStr50
M:StockSharp.BusinessEntities.Exchange.OnEquals(StockSharp.BusinessEntities.Exchange)/summary;DocStr2634
M:StockSharp.BusinessEntities.Exchange.OnEquals(StockSharp.BusinessEntities.Exchange)/param/other;DocStr1157
M:StockSharp.BusinessEntities.Exchange.OnEquals(StockSharp.BusinessEntities.Exchange)/returns;DocStr2636
M:StockSharp.BusinessEntities.Exchange.GetHashCode/summary;DocStr2637
M:StockSharp.BusinessEntities.Exchange.GetHashCode/returns;DocStr2638
M:StockSharp.BusinessEntities.Exchange.Clone/summary;DocStr643
M:StockSharp.BusinessEntities.Exchange.Clone/returns;DocStr1116
M:StockSharp.BusinessEntities.Exchange.Load(Ecng.Serialization.SettingsStorage)/summary;DocStr2
M:StockSharp.BusinessEntities.Exchange.Load(Ecng.Serialization.SettingsStorage)/param/storage;DocStr3
M:StockSharp.BusinessEntities.Exchange.Save(Ecng.Serialization.SettingsStorage)/summary;DocStr4
M:StockSharp.BusinessEntities.Exchange.Save(Ecng.Serialization.SettingsStorage)/param/storage;DocStr3
P:StockSharp.BusinessEntities.Exchange.Test/summary;DocStr2643
P:StockSharp.BusinessEntities.Exchange.Moex/summary;DocStr2644
P:StockSharp.BusinessEntities.Exchange.Spb/summary;DocStr8679
P:StockSharp.BusinessEntities.Exchange.Ux/summary;DocStr2645
P:StockSharp.BusinessEntities.Exchange.Amex/summary;DocStr2646
P:StockSharp.BusinessEntities.Exchange.Cme/summary;DocStr2647
P:StockSharp.BusinessEntities.Exchange.Cbot/summary;DocStr2648
P:StockSharp.BusinessEntities.Exchange.Cce/summary;DocStr2649
P:StockSharp.BusinessEntities.Exchange.Nymex/summary;DocStr2650
P:StockSharp.BusinessEntities.Exchange.Nyse/summary;DocStr2651
P:StockSharp.BusinessEntities.Exchange.Nasdaq/summary;DocStr2652
P:StockSharp.BusinessEntities.Exchange.Nqlx/summary;DocStr2653
P:StockSharp.BusinessEntities.Exchange.Lse/summary;DocStr2654
P:StockSharp.BusinessEntities.Exchange.Lme/summary;DocStr10806
P:StockSharp.BusinessEntities.Exchange.Tse/summary;DocStr2655
P:StockSharp.BusinessEntities.Exchange.Hkex/summary;DocStr2656
P:StockSharp.BusinessEntities.Exchange.Hkfe/summary;DocStr2657
P:StockSharp.BusinessEntities.Exchange.Sse/summary;DocStr2658
P:StockSharp.BusinessEntities.Exchange.Szse/summary;DocStr2659
P:StockSharp.BusinessEntities.Exchange.Tsx/summary;DocStr2660
P:StockSharp.BusinessEntities.Exchange.Fwb/summary;DocStr2661
P:StockSharp.BusinessEntities.Exchange.Asx/summary;DocStr2662
P:StockSharp.BusinessEntities.Exchange.Nzx/summary;DocStr2663
P:StockSharp.BusinessEntities.Exchange.Bse/summary;DocStr2664
P:StockSharp.BusinessEntities.Exchange.Nse/summary;DocStr2665
P:StockSharp.BusinessEntities.Exchange.Swx/summary;DocStr2666
P:StockSharp.BusinessEntities.Exchange.Krx/summary;DocStr2667
P:StockSharp.BusinessEntities.Exchange.Mse/summary;DocStr2668
P:StockSharp.BusinessEntities.Exchange.Jse/summary;DocStr2669
P:StockSharp.BusinessEntities.Exchange.Sgx/summary;DocStr2670
P:StockSharp.BusinessEntities.Exchange.Tsec/summary;DocStr2671
P:StockSharp.BusinessEntities.Exchange.Pse/summary;DocStr2672
P:StockSharp.BusinessEntities.Exchange.Klse/summary;DocStr2673
P:StockSharp.BusinessEntities.Exchange.Idx/summary;DocStr2674
P:StockSharp.BusinessEntities.Exchange.Set/summary;DocStr2675
P:StockSharp.BusinessEntities.Exchange.Cse/summary;DocStr2676
P:StockSharp.BusinessEntities.Exchange.Tase/summary;DocStr2677
P:StockSharp.BusinessEntities.Exchange.Lmax/summary;DocStr2678
P:StockSharp.BusinessEntities.Exchange.DukasCopy/summary;DocStr2679
P:StockSharp.BusinessEntities.Exchange.GainCapital/summary;DocStr2680
P:StockSharp.BusinessEntities.Exchange.MBTrading/summary;DocStr2681
P:StockSharp.BusinessEntities.Exchange.TrueFX/summary;DocStr2682
P:StockSharp.BusinessEntities.Exchange.Cfh/summary;DocStr2683
P:StockSharp.BusinessEntities.Exchange.Ond/summary;DocStr2684
P:StockSharp.BusinessEntities.Exchange.Integral/summary;DocStr2685
P:StockSharp.BusinessEntities.Exchange.Btce/summary;DocStr2686
P:StockSharp.BusinessEntities.Exchange.BitStamp/summary;DocStr2687
P:StockSharp.BusinessEntities.Exchange.BtcChina/summary;DocStr2688
P:StockSharp.BusinessEntities.Exchange.Icbit/summary;DocStr2689
P:StockSharp.BusinessEntities.Exchange.Currenex/summary;DocStr9762
P:StockSharp.BusinessEntities.Exchange.Fxcm/summary;DocStr9853
P:StockSharp.BusinessEntities.Exchange.Poloniex/summary;DocStr10224
P:StockSharp.BusinessEntities.Exchange.Kraken/summary;DocStr10225
P:StockSharp.BusinessEntities.Exchange.Bittrex/summary;DocStr10226
P:StockSharp.BusinessEntities.Exchange.Bitfinex/summary;DocStr10227
P:StockSharp.BusinessEntities.Exchange.Coinbase/summary;DocStr10228
P:StockSharp.BusinessEntities.Exchange.Gdax/summary;DocStr10229
P:StockSharp.BusinessEntities.Exchange.Bithumb/summary;DocStr10230
P:StockSharp.BusinessEntities.Exchange.HitBtc/summary;DocStr10231
P:StockSharp.BusinessEntities.Exchange.OkCoin/summary;DocStr10232
P:StockSharp.BusinessEntities.Exchange.Coincheck/summary;DocStr10233
P:StockSharp.BusinessEntities.Exchange.Binance/summary;DocStr10348
P:StockSharp.BusinessEntities.Exchange.Bitexbook/summary;DocStr10349
P:StockSharp.BusinessEntities.Exchange.Bitmex/summary;DocStr10350
P:StockSharp.BusinessEntities.Exchange.Cex/summary;DocStr10351
P:StockSharp.BusinessEntities.Exchange.Cryptopia/summary;DocStr10352
P:StockSharp.BusinessEntities.Exchange.Okex/summary;DocStr10353
P:StockSharp.BusinessEntities.Exchange.Yobit/summary;DocStr10354
P:StockSharp.BusinessEntities.Exchange.CoinExchange/summary;DocStr10355
P:StockSharp.BusinessEntities.Exchange.LiveCoin/summary;DocStr10356
P:StockSharp.BusinessEntities.Exchange.Exmo/summary;DocStr10357
P:StockSharp.BusinessEntities.Exchange.Deribit/summary;DocStr10358
P:StockSharp.BusinessEntities.Exchange.Kucoin/summary;DocStr10359
P:StockSharp.BusinessEntities.Exchange.Liqui/summary;DocStr10360
P:StockSharp.BusinessEntities.Exchange.Huobi/summary;DocStr10361
P:StockSharp.BusinessEntities.Exchange.IEX/summary;DocStr10578
P:StockSharp.BusinessEntities.Exchange.Bitbank/summary;DocStr10579
P:StockSharp.BusinessEntities.Exchange.Zaif/summary;DocStr10580
P:StockSharp.BusinessEntities.Exchange.Quoinex/summary;DocStr10581
P:StockSharp.BusinessEntities.Exchange.Wiki/summary;DocStr10807
P:StockSharp.BusinessEntities.Exchange.Idax/summary;DocStr10892
P:StockSharp.BusinessEntities.Exchange.Digifinex/summary;DocStr10893
P:StockSharp.BusinessEntities.Exchange.TradeOgre/summary;DocStr10894
T:StockSharp.BusinessEntities.ExchangeBoard/summary;DocStr2692
M:StockSharp.BusinessEntities.ExchangeBoard.EnumerateExchanges/summary;DocStr2693
M:StockSharp.BusinessEntities.ExchangeBoard.EnumerateExchanges/returns;DocStr2694
M:StockSharp.BusinessEntities.ExchangeBoard.EnumerateExchangeBoards/summary;DocStr2695
M:StockSharp.BusinessEntities.ExchangeBoard.EnumerateExchangeBoards/returns;Str2831
M:StockSharp.BusinessEntities.ExchangeBoard.#ctor/summary;DocStr1
P:StockSharp.BusinessEntities.ExchangeBoard.Code/summary;BoardCode
P:StockSharp.BusinessEntities.ExchangeBoard.ExpiryTime/summary;Str64
P:StockSharp.BusinessEntities.ExchangeBoard.ExpiryTimeStr/summary;DocStr8225
P:StockSharp.BusinessEntities.ExchangeBoard.Exchange/summary;Str479
P:StockSharp.BusinessEntities.ExchangeBoard.WorkingTime/summary;WorkingHours
P:StockSharp.BusinessEntities.ExchangeBoard.TimeZone/summary;Str68
P:StockSharp.BusinessEntities.ExchangeBoard.TimeZoneStr/summary;DocStr8225
P:StockSharp.BusinessEntities.ExchangeBoard.ExtensionInfo/summary;DocStr2690
P:StockSharp.BusinessEntities.ExchangeBoard.ExtensionInfo/remarks;DocStr2691
M:StockSharp.BusinessEntities.ExchangeBoard.ToString/summary;DocStr49
M:StockSharp.BusinessEntities.ExchangeBoard.ToString/returns;DocStr50
M:StockSharp.BusinessEntities.ExchangeBoard.OnEquals(StockSharp.BusinessEntities.ExchangeBoard)/summary;DocStr2634
M:StockSharp.BusinessEntities.ExchangeBoard.OnEquals(StockSharp.BusinessEntities.ExchangeBoard)/param/other;DocStr1157
M:StockSharp.BusinessEntities.ExchangeBoard.OnEquals(StockSharp.BusinessEntities.ExchangeBoard)/returns;DocStr2636
M:StockSharp.BusinessEntities.ExchangeBoard.GetHashCode/summary;DocStr2637
M:StockSharp.BusinessEntities.ExchangeBoard.GetHashCode/returns;DocStr2638
M:StockSharp.BusinessEntities.ExchangeBoard.Clone/summary;DocStr643
M:StockSharp.BusinessEntities.ExchangeBoard.Clone/returns;DocStr1116
M:StockSharp.BusinessEntities.ExchangeBoard.Load(Ecng.Serialization.SettingsStorage)/summary;DocStr2
M:StockSharp.BusinessEntities.ExchangeBoard.Load(Ecng.Serialization.SettingsStorage)/param/storage;DocStr3
M:StockSharp.BusinessEntities.ExchangeBoard.Save(Ecng.Serialization.SettingsStorage)/summary;DocStr4
M:StockSharp.BusinessEntities.ExchangeBoard.Save(Ecng.Serialization.SettingsStorage)/param/storage;DocStr3
P:StockSharp.BusinessEntities.ExchangeBoard.Associated/summary;DocStr2701
P:StockSharp.BusinessEntities.ExchangeBoard.Test/summary;DocStr2702
P:StockSharp.BusinessEntities.ExchangeBoard.Forts/summary;DocStr2703
P:StockSharp.BusinessEntities.ExchangeBoard.Micex/summary;DocStr2704
P:StockSharp.BusinessEntities.ExchangeBoard.MicexAuct/summary;DocStr2705
P:StockSharp.BusinessEntities.ExchangeBoard.MicexAubb/summary;DocStr2706
P:StockSharp.BusinessEntities.ExchangeBoard.MicexCasf/summary;DocStr2707
P:StockSharp.BusinessEntities.ExchangeBoard.MicexEqbr/summary;DocStr2708
P:StockSharp.BusinessEntities.ExchangeBoard.MicexEqbs/summary;DocStr2709
P:StockSharp.BusinessEntities.ExchangeBoard.MicexEqdp/summary;DocStr2710
P:StockSharp.BusinessEntities.ExchangeBoard.MicexEqeu/summary;DocStr2711
P:StockSharp.BusinessEntities.ExchangeBoard.MicexEqus/summary;DocStr2712
P:StockSharp.BusinessEntities.ExchangeBoard.MicexEqnb/summary;DocStr2713
P:StockSharp.BusinessEntities.ExchangeBoard.MicexEqne/summary;DocStr2714
P:StockSharp.BusinessEntities.ExchangeBoard.MicexEqnl/summary;DocStr2715
P:StockSharp.BusinessEntities.ExchangeBoard.MicexEqno/summary;DocStr2716
P:StockSharp.BusinessEntities.ExchangeBoard.MicexEqob/summary;DocStr2717
P:StockSharp.BusinessEntities.ExchangeBoard.MicexEqos/summary;DocStr2718
P:StockSharp.BusinessEntities.ExchangeBoard.MicexEqov/summary;DocStr2719
P:StockSharp.BusinessEntities.ExchangeBoard.MicexEqlv/summary;DocStr2720
P:StockSharp.BusinessEntities.ExchangeBoard.MicexEqdb/summary;DocStr2721
P:StockSharp.BusinessEntities.ExchangeBoard.MicexEqde/summary;DocStr2722
P:StockSharp.BusinessEntities.ExchangeBoard.MicexEqli/summary;DocStr2723
P:StockSharp.BusinessEntities.ExchangeBoard.MicexEqqi/summary;DocStr2724
P:StockSharp.BusinessEntities.ExchangeBoard.MicexSmal/summary;DocStr2725
P:StockSharp.BusinessEntities.ExchangeBoard.MicexSpob/summary;DocStr2726
P:StockSharp.BusinessEntities.ExchangeBoard.MicexTqbr/summary;DocStr2727
P:StockSharp.BusinessEntities.ExchangeBoard.MicexTqde/summary;DocStr2728
P:StockSharp.BusinessEntities.ExchangeBoard.MicexTqbs/summary;DocStr2729
P:StockSharp.BusinessEntities.ExchangeBoard.MicexTqeu/summary;DocStr2730
P:StockSharp.BusinessEntities.ExchangeBoard.MicexTqus/summary;DocStr2731
P:StockSharp.BusinessEntities.ExchangeBoard.MicexTqnb/summary;DocStr2732
P:StockSharp.BusinessEntities.ExchangeBoard.MicexTqne/summary;DocStr2733
P:StockSharp.BusinessEntities.ExchangeBoard.MicexTqnl/summary;DocStr2734
P:StockSharp.BusinessEntities.ExchangeBoard.MicexTqno/summary;DocStr2735
P:StockSharp.BusinessEntities.ExchangeBoard.MicexTqob/summary;DocStr2736
P:StockSharp.BusinessEntities.ExchangeBoard.MicexTqos/summary;DocStr2737
P:StockSharp.BusinessEntities.ExchangeBoard.MicexTqov/summary;DocStr2738
P:StockSharp.BusinessEntities.ExchangeBoard.MicexTqlv/summary;DocStr2739
P:StockSharp.BusinessEntities.ExchangeBoard.MicexTqli/summary;DocStr2740
P:StockSharp.BusinessEntities.ExchangeBoard.MicexTqqi/summary;DocStr2741
P:StockSharp.BusinessEntities.ExchangeBoard.MicexEqrp/summary;DocStr2742
P:StockSharp.BusinessEntities.ExchangeBoard.MicexPsrp/summary;DocStr2743
P:StockSharp.BusinessEntities.ExchangeBoard.MicexRfnd/summary;DocStr2744
P:StockSharp.BusinessEntities.ExchangeBoard.MicexTadm/summary;DocStr2745
P:StockSharp.BusinessEntities.ExchangeBoard.MicexNadm/summary;DocStr2746
P:StockSharp.BusinessEntities.ExchangeBoard.MicexPsau/summary;DocStr2747
P:StockSharp.BusinessEntities.ExchangeBoard.MicexPaus/summary;DocStr2748
P:StockSharp.BusinessEntities.ExchangeBoard.MicexPsbb/summary;DocStr2749
P:StockSharp.BusinessEntities.ExchangeBoard.MicexPseq/summary;DocStr2750
P:StockSharp.BusinessEntities.ExchangeBoard.MicexPses/summary;DocStr2751
P:StockSharp.BusinessEntities.ExchangeBoard.MicexPseu/summary;DocStr2752
P:StockSharp.BusinessEntities.ExchangeBoard.MicexPsdb/summary;DocStr2753
P:StockSharp.BusinessEntities.ExchangeBoard.MicexPsde/summary;DocStr2754
P:StockSharp.BusinessEntities.ExchangeBoard.MicexPsus/summary;DocStr2755
P:StockSharp.BusinessEntities.ExchangeBoard.MicexPsnb/summary;DocStr2756
P:StockSharp.BusinessEntities.ExchangeBoard.MicexPsne/summary;DocStr2757
P:StockSharp.BusinessEntities.ExchangeBoard.MicexPsnl/summary;DocStr2758
P:StockSharp.BusinessEntities.ExchangeBoard.MicexPsno/summary;DocStr2759
P:StockSharp.BusinessEntities.ExchangeBoard.MicexPsob/summary;DocStr2760
P:StockSharp.BusinessEntities.ExchangeBoard.MicexPsos/summary;DocStr2761
P:StockSharp.BusinessEntities.ExchangeBoard.MicexPsov/summary;DocStr2762
P:StockSharp.BusinessEntities.ExchangeBoard.MicexPslv/summary;DocStr2763
P:StockSharp.BusinessEntities.ExchangeBoard.MicexPsli/summary;DocStr2764
P:StockSharp.BusinessEntities.ExchangeBoard.MicexPsqi/summary;DocStr2765
P:StockSharp.BusinessEntities.ExchangeBoard.MicexRpeu/summary;DocStr2766
P:StockSharp.BusinessEntities.ExchangeBoard.MicexRpma/summary;DocStr2767
P:StockSharp.BusinessEntities.ExchangeBoard.MicexRpmo/summary;DocStr2768
P:StockSharp.BusinessEntities.ExchangeBoard.MicexRpua/summary;DocStr2769
P:StockSharp.BusinessEntities.ExchangeBoard.MicexRpuo/summary;DocStr2770
P:StockSharp.BusinessEntities.ExchangeBoard.MicexRpuq/summary;DocStr2771
P:StockSharp.BusinessEntities.ExchangeBoard.MicexFbcb/summary;DocStr2772
P:StockSharp.BusinessEntities.ExchangeBoard.MicexFbfx/summary;DocStr2773
P:StockSharp.BusinessEntities.ExchangeBoard.MicexIrk2/summary;DocStr2774
P:StockSharp.BusinessEntities.ExchangeBoard.MicexRpqi/summary;DocStr2775
P:StockSharp.BusinessEntities.ExchangeBoard.MicexPteq/summary;DocStr2776
P:StockSharp.BusinessEntities.ExchangeBoard.MicexPtes/summary;DocStr2777
P:StockSharp.BusinessEntities.ExchangeBoard.MicexPteu/summary;DocStr2778
P:StockSharp.BusinessEntities.ExchangeBoard.MicexPtus/summary;DocStr2779
P:StockSharp.BusinessEntities.ExchangeBoard.MicexPtnb/summary;DocStr2780
P:StockSharp.BusinessEntities.ExchangeBoard.MicexPtne/summary;DocStr2781
P:StockSharp.BusinessEntities.ExchangeBoard.MicexPtnl/summary;DocStr2782
P:StockSharp.BusinessEntities.ExchangeBoard.MicexPtno/summary;DocStr2783
P:StockSharp.BusinessEntities.ExchangeBoard.MicexPtob/summary;DocStr2784
P:StockSharp.BusinessEntities.ExchangeBoard.MicexPtos/summary;DocStr2785
P:StockSharp.BusinessEntities.ExchangeBoard.MicexPtov/summary;DocStr2786
P:StockSharp.BusinessEntities.ExchangeBoard.MicexPtlv/summary;DocStr2787
P:StockSharp.BusinessEntities.ExchangeBoard.MicexPtli/summary;DocStr2788
P:StockSharp.BusinessEntities.ExchangeBoard.MicexPtqi/summary;DocStr2789
P:StockSharp.BusinessEntities.ExchangeBoard.MicexScvc/summary;DocStr2790
P:StockSharp.BusinessEntities.ExchangeBoard.MicexRpng/summary;DocStr2791
P:StockSharp.BusinessEntities.ExchangeBoard.MicexRpfg/summary;DocStr2792
P:StockSharp.BusinessEntities.ExchangeBoard.MicexCbcr/summary;DocStr2793
P:StockSharp.BusinessEntities.ExchangeBoard.MicexCred/summary;DocStr2794
P:StockSharp.BusinessEntities.ExchangeBoard.MicexDepz/summary;DocStr2795
P:StockSharp.BusinessEntities.ExchangeBoard.MicexDpvb/summary;DocStr2796
P:StockSharp.BusinessEntities.ExchangeBoard.MicexDpfk/summary;DocStr2797
P:StockSharp.BusinessEntities.ExchangeBoard.MicexDpfo/summary;DocStr2798
P:StockSharp.BusinessEntities.ExchangeBoard.MicexDppf/summary;DocStr2799
P:StockSharp.BusinessEntities.ExchangeBoard.MicexCets/summary;DocStr2800
P:StockSharp.BusinessEntities.ExchangeBoard.MicexAets/summary;DocStr2801
P:StockSharp.BusinessEntities.ExchangeBoard.MicexCngd/summary;DocStr2802
P:StockSharp.BusinessEntities.ExchangeBoard.MicexTran/summary;DocStr2803
P:StockSharp.BusinessEntities.ExchangeBoard.MicexJunior/summary;DocStr2804
P:StockSharp.BusinessEntities.ExchangeBoard.Spb/summary;DocStr8680
P:StockSharp.BusinessEntities.ExchangeBoard.Ux/summary;DocStr2805
P:StockSharp.BusinessEntities.ExchangeBoard.UxStock/summary;DocStr2806
P:StockSharp.BusinessEntities.ExchangeBoard.Cme/summary;DocStr2807
P:StockSharp.BusinessEntities.ExchangeBoard.CmeMini/summary;DocStr2807
P:StockSharp.BusinessEntities.ExchangeBoard.Cce/summary;DocStr2807
P:StockSharp.BusinessEntities.ExchangeBoard.Cbot/summary;DocStr2807
P:StockSharp.BusinessEntities.ExchangeBoard.Nymex/summary;DocStr2807
P:StockSharp.BusinessEntities.ExchangeBoard.Amex/summary;DocStr2807
P:StockSharp.BusinessEntities.ExchangeBoard.Nyse/summary;DocStr2807
P:StockSharp.BusinessEntities.ExchangeBoard.Nasdaq/summary;DocStr2807
P:StockSharp.BusinessEntities.ExchangeBoard.Nqlx/summary;DocStr2807
P:StockSharp.BusinessEntities.ExchangeBoard.Lse/summary;DocStr2807
P:StockSharp.BusinessEntities.ExchangeBoard.Lme/summary;DocStr2807
P:StockSharp.BusinessEntities.ExchangeBoard.Tse/summary;DocStr2807
P:StockSharp.BusinessEntities.ExchangeBoard.Hkex/summary;DocStr2807
P:StockSharp.BusinessEntities.ExchangeBoard.Hkfe/summary;DocStr2807
P:StockSharp.BusinessEntities.ExchangeBoard.Sse/summary;DocStr2807
P:StockSharp.BusinessEntities.ExchangeBoard.Szse/summary;DocStr2807
P:StockSharp.BusinessEntities.ExchangeBoard.Tsx/summary;DocStr2807
P:StockSharp.BusinessEntities.ExchangeBoard.Fwb/summary;DocStr2807
P:StockSharp.BusinessEntities.ExchangeBoard.Asx/summary;DocStr2807
P:StockSharp.BusinessEntities.ExchangeBoard.Nzx/summary;DocStr2807
P:StockSharp.BusinessEntities.ExchangeBoard.Bse/summary;DocStr2807
P:StockSharp.BusinessEntities.ExchangeBoard.Nse/summary;DocStr2807
P:StockSharp.BusinessEntities.ExchangeBoard.Swx/summary;DocStr2807
P:StockSharp.BusinessEntities.ExchangeBoard.Krx/summary;DocStr2807
P:StockSharp.BusinessEntities.ExchangeBoard.Mse/summary;DocStr2807
P:StockSharp.BusinessEntities.ExchangeBoard.Jse/summary;DocStr2807
P:StockSharp.BusinessEntities.ExchangeBoard.Sgx/summary;DocStr2807
P:StockSharp.BusinessEntities.ExchangeBoard.Tsec/summary;DocStr2807
P:StockSharp.BusinessEntities.ExchangeBoard.Pse/summary;DocStr2807
P:StockSharp.BusinessEntities.ExchangeBoard.Klse/summary;DocStr2807
P:StockSharp.BusinessEntities.ExchangeBoard.Idx/summary;DocStr2807
P:StockSharp.BusinessEntities.ExchangeBoard.Set/summary;DocStr2807
P:StockSharp.BusinessEntities.ExchangeBoard.Cse/summary;DocStr2807
P:StockSharp.BusinessEntities.ExchangeBoard.Tase/summary;DocStr2807
P:StockSharp.BusinessEntities.ExchangeBoard.Lmax/summary;DocStr2808
P:StockSharp.BusinessEntities.ExchangeBoard.DukasCopy/summary;DocStr2808
P:StockSharp.BusinessEntities.ExchangeBoard.GainCapital/summary;DocStr2808
P:StockSharp.BusinessEntities.ExchangeBoard.MBTrading/summary;DocStr2808
P:StockSharp.BusinessEntities.ExchangeBoard.TrueFX/summary;DocStr2808
P:StockSharp.BusinessEntities.ExchangeBoard.Integral/summary;DocStr2809
P:StockSharp.BusinessEntities.ExchangeBoard.Cfh/summary;DocStr2809
P:StockSharp.BusinessEntities.ExchangeBoard.Ond/summary;DocStr2809
P:StockSharp.BusinessEntities.ExchangeBoard.Smart/summary;DocStr2809
P:StockSharp.BusinessEntities.ExchangeBoard.Btce/summary;DocStr2809
P:StockSharp.BusinessEntities.ExchangeBoard.BitStamp/summary;DocStr2809
P:StockSharp.BusinessEntities.ExchangeBoard.BtcChina/summary;DocStr2809
P:StockSharp.BusinessEntities.ExchangeBoard.Icbit/summary;DocStr2809
P:StockSharp.BusinessEntities.ExchangeBoard.Finam/summary;DocStr2810
P:StockSharp.BusinessEntities.ExchangeBoard.Mfd/summary;DocStr2811
P:StockSharp.BusinessEntities.ExchangeBoard.Arca/summary;DocStr9760
P:StockSharp.BusinessEntities.ExchangeBoard.Bats/summary;DocStr9761
P:StockSharp.BusinessEntities.ExchangeBoard.Currenex/summary;DocStr9761
P:StockSharp.BusinessEntities.ExchangeBoard.Fxcm/summary;DocStr2809
P:StockSharp.BusinessEntities.ExchangeBoard.Poloniex/summary;DocStr2809
P:StockSharp.BusinessEntities.ExchangeBoard.Kraken/summary;DocStr2809
P:StockSharp.BusinessEntities.ExchangeBoard.Bittrex/summary;DocStr2809
P:StockSharp.BusinessEntities.ExchangeBoard.Bitfinex/summary;DocStr2809
P:StockSharp.BusinessEntities.ExchangeBoard.Coinbase/summary;DocStr2809
P:StockSharp.BusinessEntities.ExchangeBoard.Gdax/summary;DocStr2809
P:StockSharp.BusinessEntities.ExchangeBoard.Bithumb/summary;DocStr2809
P:StockSharp.BusinessEntities.ExchangeBoard.HitBtc/summary;DocStr2809
P:StockSharp.BusinessEntities.ExchangeBoard.OkCoin/summary;DocStr2809
P:StockSharp.BusinessEntities.ExchangeBoard.Coincheck/summary;DocStr2809
P:StockSharp.BusinessEntities.ExchangeBoard.Binance/summary;DocStr2809
P:StockSharp.BusinessEntities.ExchangeBoard.Bitexbook/summary;DocStr2809
P:StockSharp.BusinessEntities.ExchangeBoard.Bitmex/summary;DocStr2809
P:StockSharp.BusinessEntities.ExchangeBoard.Cex/summary;DocStr2809
P:StockSharp.BusinessEntities.ExchangeBoard.Cryptopia/summary;DocStr2809
P:StockSharp.BusinessEntities.ExchangeBoard.Okex/summary;DocStr2809
P:StockSharp.BusinessEntities.ExchangeBoard.Yobit/summary;DocStr2809
P:StockSharp.BusinessEntities.ExchangeBoard.CoinExchange/summary;DocStr2809
P:StockSharp.BusinessEntities.ExchangeBoard.LiveCoin/summary;DocStr2809
P:StockSharp.BusinessEntities.ExchangeBoard.Exmo/summary;DocStr2809
P:StockSharp.BusinessEntities.ExchangeBoard.Deribit/summary;DocStr2809
P:StockSharp.BusinessEntities.ExchangeBoard.Kucoin/summary;DocStr2809
P:StockSharp.BusinessEntities.ExchangeBoard.Liqui/summary;DocStr2809
P:StockSharp.BusinessEntities.ExchangeBoard.Huobi/summary;DocStr2809
P:StockSharp.BusinessEntities.ExchangeBoard.Globex/summary;DocStr10563
P:StockSharp.BusinessEntities.ExchangeBoard.IEX/summary;DocStr2809
P:StockSharp.BusinessEntities.ExchangeBoard.Bitbank/summary;DocStr2809
P:StockSharp.BusinessEntities.ExchangeBoard.Zaif/summary;DocStr2809
P:StockSharp.BusinessEntities.ExchangeBoard.Quoinex/summary;DocStr2809
P:StockSharp.BusinessEntities.ExchangeBoard.Wiki/summary;DocStr2809
P:StockSharp.BusinessEntities.ExchangeBoard.Idax/summary;DocStr2809
P:StockSharp.BusinessEntities.ExchangeBoard.Digifinex/summary;DocStr2809
P:StockSharp.BusinessEntities.ExchangeBoard.TradeOgre/summary;DocStr2809
T:StockSharp.BusinessEntities.IConnector/summary;DocStr2825
E:StockSharp.BusinessEntities.IConnector.NewMyTrade/summary;DocStr8546
E:StockSharp.BusinessEntities.IConnector.NewMyTrades/summary;DocStr867
E:StockSharp.BusinessEntities.IConnector.NewTrade/summary;DocStr8547
E:StockSharp.BusinessEntities.IConnector.NewTrades/summary;DocStr868
E:StockSharp.BusinessEntities.IConnector.NewOrder/summary;DocStr8548
E:StockSharp.BusinessEntities.IConnector.NewOrders/summary;DocStr869
E:StockSharp.BusinessEntities.IConnector.OrderChanged/summary;DocStr8549
E:StockSharp.BusinessEntities.IConnector.OrdersChanged/summary;DocStr871
E:StockSharp.BusinessEntities.IConnector.OrderRegisterFailed/summary;DocStr8550
E:StockSharp.BusinessEntities.IConnector.OrderCancelFailed/summary;DocStr8551
E:StockSharp.BusinessEntities.IConnector.OrdersRegisterFailed/summary;DocStr873
E:StockSharp.BusinessEntities.IConnector.OrdersCancelFailed/summary;DocStr874
E:StockSharp.BusinessEntities.IConnector.MassOrderCanceled/summary;DocStr9027
E:StockSharp.BusinessEntities.IConnector.MassOrderCancelFailed/summary;DocStr9028
E:StockSharp.BusinessEntities.IConnector.OrderStatusFailed/summary;DocStr9460
E:StockSharp.BusinessEntities.IConnector.StopOrdersRegisterFailed/summary;DocStr875
E:StockSharp.BusinessEntities.IConnector.StopOrdersCancelFailed/summary;DocStr876
E:StockSharp.BusinessEntities.IConnector.NewStopOrders/summary;DocStr870
E:StockSharp.BusinessEntities.IConnector.StopOrdersChanged/summary;DocStr2828
E:StockSharp.BusinessEntities.IConnector.StopOrderRegisterFailed/summary;DocStr9264
E:StockSharp.BusinessEntities.IConnector.StopOrderCancelFailed/summary;DocStr9265
E:StockSharp.BusinessEntities.IConnector.NewStopOrder/summary;DocStr9262
E:StockSharp.BusinessEntities.IConnector.StopOrderChanged/summary;DocStr9263
E:StockSharp.BusinessEntities.IConnector.NewSecurity/summary;DocStr8552
E:StockSharp.BusinessEntities.IConnector.NewSecurities/summary;DocStr877
E:StockSharp.BusinessEntities.IConnector.SecurityChanged/summary;DocStr898
E:StockSharp.BusinessEntities.IConnector.SecuritiesChanged/summary;DocStr878
E:StockSharp.BusinessEntities.IConnector.NewPortfolios/summary;DocStr879
E:StockSharp.BusinessEntities.IConnector.PortfoliosChanged/summary;DocStr880
E:StockSharp.BusinessEntities.IConnector.NewPositions/summary;DocStr881
E:StockSharp.BusinessEntities.IConnector.PositionsChanged/summary;DocStr882
E:StockSharp.BusinessEntities.IConnector.NewMarketDepth/summary;DocStr8557
E:StockSharp.BusinessEntities.IConnector.MarketDepthChanged/summary;DocStr8558
E:StockSharp.BusinessEntities.IConnector.NewMarketDepths/summary;DocStr883
E:StockSharp.BusinessEntities.IConnector.MarketDepthsChanged/summary;DocStr884
E:StockSharp.BusinessEntities.IConnector.NewOrderLogItem/summary;DocStr885
E:StockSharp.BusinessEntities.IConnector.NewOrderLogItems/summary;DocStr885
E:StockSharp.BusinessEntities.IConnector.NewNews/summary;DocStr887
E:StockSharp.BusinessEntities.IConnector.NewsChanged/summary;DocStr888
E:StockSharp.BusinessEntities.IConnector.NewMessage/summary;DocStr889
E:StockSharp.BusinessEntities.IConnector.Connected/summary;DocStr890
E:StockSharp.BusinessEntities.IConnector.Disconnected/summary;DocStr891
E:StockSharp.BusinessEntities.IConnector.ConnectionError/summary;DocStr892
E:StockSharp.BusinessEntities.IConnector.ConnectedEx/summary;DocStr890
E:StockSharp.BusinessEntities.IConnector.DisconnectedEx/summary;DocStr891
E:StockSharp.BusinessEntities.IConnector.ConnectionErrorEx/summary;DocStr892
E:StockSharp.BusinessEntities.IConnector.Error/summary;DocStr893
E:StockSharp.BusinessEntities.IConnector.MarketTimeChanged/summary;DocStr886
E:StockSharp.BusinessEntities.IConnector.LookupSecuritiesResult/summary;DocStr894
E:StockSharp.BusinessEntities.IConnector.LookupPortfoliosResult/summary;DocStr894
E:StockSharp.BusinessEntities.IConnector.LookupBoardsResult/summary;DocStr894
E:StockSharp.BusinessEntities.IConnector.MarketDataSubscriptionSucceeded/summary;DocStr895
E:StockSharp.BusinessEntities.IConnector.MarketDataSubscriptionFailed/summary;DocStr896
E:StockSharp.BusinessEntities.IConnector.MarketDataUnSubscriptionSucceeded/summary;DocStr9350
E:StockSharp.BusinessEntities.IConnector.MarketDataUnSubscriptionFailed/summary;DocStr9351
E:StockSharp.BusinessEntities.IConnector.MarketDataSubscriptionFinished/summary;DocStr10596
E:StockSharp.BusinessEntities.IConnector.SessionStateChanged/summary;DocStr897
P:StockSharp.BusinessEntities.IConnector.TransactionIdGenerator/summary;DocStr3311
M:StockSharp.BusinessEntities.IConnector.GetSessionState(StockSharp.BusinessEntities.ExchangeBoard)/summary;DocStr803
M:StockSharp.BusinessEntities.IConnector.GetSessionState(StockSharp.BusinessEntities.ExchangeBoard)/param/board;DocStr804
M:StockSharp.BusinessEntities.IConnector.GetSessionState(StockSharp.BusinessEntities.ExchangeBoard)/returns;DocStr805
P:StockSharp.BusinessEntities.IConnector.ExchangeBoards/summary;DocStr908
P:StockSharp.BusinessEntities.IConnector.Securities/summary;DocStr909
P:StockSharp.BusinessEntities.IConnector.Orders/summary;DocStr911
P:StockSharp.BusinessEntities.IConnector.StopOrders/summary;DocStr912
P:StockSharp.BusinessEntities.IConnector.OrderRegisterFails/summary;DocStr913
P:StockSharp.BusinessEntities.IConnector.OrderCancelFails/summary;DocStr914
P:StockSharp.BusinessEntities.IConnector.Trades/summary;DocStr915
P:StockSharp.BusinessEntities.IConnector.MyTrades/summary;DocStr916
P:StockSharp.BusinessEntities.IConnector.News/summary;DocStr919
P:StockSharp.BusinessEntities.IConnector.ConnectionState/summary;DocStr922
P:StockSharp.BusinessEntities.IConnector.RegisteredSecurities/summary;DocStr901
P:StockSharp.BusinessEntities.IConnector.RegisteredMarketDepths/summary;DocStr901
P:StockSharp.BusinessEntities.IConnector.RegisteredTrades/summary;DocStr901
P:StockSharp.BusinessEntities.IConnector.RegisteredOrderLogs/summary;DocStr901
P:StockSharp.BusinessEntities.IConnector.RegisteredPortfolios/summary;DocStr902
P:StockSharp.BusinessEntities.IConnector.TransactionAdapter/summary;DocStr865
P:StockSharp.BusinessEntities.IConnector.MarketDataAdapter/summary;DocStr866
M:StockSharp.BusinessEntities.IConnector.Connect/summary;DocStr806
M:StockSharp.BusinessEntities.IConnector.Disconnect/summary;DocStr807
M:StockSharp.BusinessEntities.IConnector.LookupSecurities(StockSharp.BusinessEntities.Security,StockSharp.Messages.IMessageAdapter,StockSharp.Messages.MessageOfflineModes)/summary;DocStr808
M:StockSharp.BusinessEntities.IConnector.LookupSecurities(StockSharp.BusinessEntities.Security,StockSharp.Messages.IMessageAdapter,StockSharp.Messages.MessageOfflineModes)/param/criteria;DocStr809
M:StockSharp.BusinessEntities.IConnector.LookupSecurities(StockSharp.BusinessEntities.Security,StockSharp.Messages.IMessageAdapter,StockSharp.Messages.MessageOfflineModes)/param/adapter;DocStr10512
M:StockSharp.BusinessEntities.IConnector.LookupSecurities(StockSharp.BusinessEntities.Security,StockSharp.Messages.IMessageAdapter,StockSharp.Messages.MessageOfflineModes)/param/offlineMode;DocStr10591
M:StockSharp.BusinessEntities.IConnector.LookupSecurities(StockSharp.Messages.SecurityLookupMessage)/summary;DocStr808
M:StockSharp.BusinessEntities.IConnector.LookupSecurities(StockSharp.Messages.SecurityLookupMessage)/param/criteria;DocStr809
M:StockSharp.BusinessEntities.IConnector.GetSecurityId(StockSharp.BusinessEntities.Security)/summary;DocStr848
M:StockSharp.BusinessEntities.IConnector.GetSecurityId(StockSharp.BusinessEntities.Security)/param/security;DocStr2831
M:StockSharp.BusinessEntities.IConnector.GetSecurityId(StockSharp.BusinessEntities.Security)/returns;SecurityId
M:StockSharp.BusinessEntities.IConnector.LookupBoards(StockSharp.BusinessEntities.ExchangeBoard,StockSharp.Messages.IMessageAdapter,StockSharp.Messages.MessageOfflineModes)/summary;DocStr10782
M:StockSharp.BusinessEntities.IConnector.LookupBoards(StockSharp.BusinessEntities.ExchangeBoard,StockSharp.Messages.IMessageAdapter,StockSharp.Messages.MessageOfflineModes)/param/criteria;DocStr809
M:StockSharp.BusinessEntities.IConnector.LookupBoards(StockSharp.BusinessEntities.ExchangeBoard,StockSharp.Messages.IMessageAdapter,StockSharp.Messages.MessageOfflineModes)/param/adapter;DocStr10512
M:StockSharp.BusinessEntities.IConnector.LookupBoards(StockSharp.BusinessEntities.ExchangeBoard,StockSharp.Messages.IMessageAdapter,StockSharp.Messages.MessageOfflineModes)/param/offlineMode;DocStr10591
M:StockSharp.BusinessEntities.IConnector.LookupBoards(StockSharp.Messages.BoardLookupMessage)/summary;DocStr10782
M:StockSharp.BusinessEntities.IConnector.LookupBoards(StockSharp.Messages.BoardLookupMessage)/param/criteria;DocStr809
M:StockSharp.BusinessEntities.IConnector.LookupPortfolios(StockSharp.BusinessEntities.Portfolio,StockSharp.Messages.IMessageAdapter,StockSharp.Messages.MessageOfflineModes)/summary;DocStr810
M:StockSharp.BusinessEntities.IConnector.LookupPortfolios(StockSharp.BusinessEntities.Portfolio,StockSharp.Messages.IMessageAdapter,StockSharp.Messages.MessageOfflineModes)/param/criteria;DocStr809
M:StockSharp.BusinessEntities.IConnector.LookupPortfolios(StockSharp.BusinessEntities.Portfolio,StockSharp.Messages.IMessageAdapter,StockSharp.Messages.MessageOfflineModes)/param/adapter;DocStr10512
M:StockSharp.BusinessEntities.IConnector.LookupPortfolios(StockSharp.BusinessEntities.Portfolio,StockSharp.Messages.IMessageAdapter,StockSharp.Messages.MessageOfflineModes)/param/offlineMode;DocStr10591
M:StockSharp.BusinessEntities.IConnector.LookupPortfolios(StockSharp.Messages.PortfolioLookupMessage)/summary;DocStr810
M:StockSharp.BusinessEntities.IConnector.LookupPortfolios(StockSharp.Messages.PortfolioLookupMessage)/param/criteria;DocStr809
M:StockSharp.BusinessEntities.IConnector.LookupOrders(StockSharp.BusinessEntities.Order,StockSharp.Messages.IMessageAdapter)/summary;DocStr10513
M:StockSharp.BusinessEntities.IConnector.LookupOrders(StockSharp.BusinessEntities.Order,StockSharp.Messages.IMessageAdapter)/param/criteria;DocStr10514
M:StockSharp.BusinessEntities.IConnector.LookupOrders(StockSharp.BusinessEntities.Order,StockSharp.Messages.IMessageAdapter)/param/adapter;DocStr10512
M:StockSharp.BusinessEntities.IConnector.LookupOrders(StockSharp.Messages.OrderStatusMessage)/summary;DocStr10513
M:StockSharp.BusinessEntities.IConnector.LookupOrders(StockSharp.Messages.OrderStatusMessage)/param/criteria;DocStr10514
M:StockSharp.BusinessEntities.IConnector.LookupSecurity(StockSharp.Messages.SecurityId)/summary;DocStr10176
M:StockSharp.BusinessEntities.IConnector.LookupSecurity(StockSharp.Messages.SecurityId)/param/securityId;SecurityId
M:StockSharp.BusinessEntities.IConnector.LookupSecurity(StockSharp.Messages.SecurityId)/returns;DocStr2831
M:StockSharp.BusinessEntities.IConnector.GetFilteredMarketDepth(StockSharp.BusinessEntities.Security)/summary;DocStr819
M:StockSharp.BusinessEntities.IConnector.GetFilteredMarketDepth(StockSharp.BusinessEntities.Security)/param/security;DocStr817
M:StockSharp.BusinessEntities.IConnector.GetFilteredMarketDepth(StockSharp.BusinessEntities.Security)/returns;DocStr820
M:StockSharp.BusinessEntities.IConnector.RegisterOrder(StockSharp.BusinessEntities.Order)/summary;DocStr4349
M:StockSharp.BusinessEntities.IConnector.RegisterOrder(StockSharp.BusinessEntities.Order)/param/order;DocStr822
M:StockSharp.BusinessEntities.IConnector.ReRegisterOrder(StockSharp.BusinessEntities.Order,StockSharp.BusinessEntities.Order)/summary;DocStr823
M:StockSharp.BusinessEntities.IConnector.ReRegisterOrder(StockSharp.BusinessEntities.Order,StockSharp.BusinessEntities.Order)/param/oldOrder;DocStr828
M:StockSharp.BusinessEntities.IConnector.ReRegisterOrder(StockSharp.BusinessEntities.Order,StockSharp.BusinessEntities.Order)/param/newOrder;DocStr829
M:StockSharp.BusinessEntities.IConnector.ReRegisterOrder(StockSharp.BusinessEntities.Order,System.Decimal,System.Decimal)/summary;DocStr823
M:StockSharp.BusinessEntities.IConnector.ReRegisterOrder(StockSharp.BusinessEntities.Order,System.Decimal,System.Decimal)/param/oldOrder;DocStr824
M:StockSharp.BusinessEntities.IConnector.ReRegisterOrder(StockSharp.BusinessEntities.Order,System.Decimal,System.Decimal)/param/price;DocStr825
M:StockSharp.BusinessEntities.IConnector.ReRegisterOrder(StockSharp.BusinessEntities.Order,System.Decimal,System.Decimal)/param/volume;DocStr826
M:StockSharp.BusinessEntities.IConnector.ReRegisterOrder(StockSharp.BusinessEntities.Order,System.Decimal,System.Decimal)/returns;NewOrder
M:StockSharp.BusinessEntities.IConnector.CancelOrder(StockSharp.BusinessEntities.Order)/summary;DocStr835
M:StockSharp.BusinessEntities.IConnector.CancelOrder(StockSharp.BusinessEntities.Order)/param/order;DocStr2827
M:StockSharp.BusinessEntities.IConnector.CancelOrders(System.Nullable{System.Boolean},StockSharp.BusinessEntities.Portfolio,System.Nullable{StockSharp.Messages.Sides},StockSharp.BusinessEntities.ExchangeBoard,StockSharp.BusinessEntities.Security,System.Nullable{StockSharp.Messages.SecurityTypes},System.Nullable{System.Int64})/summary;DocStr839
M:StockSharp.BusinessEntities.IConnector.CancelOrders(System.Nullable{System.Boolean},StockSharp.BusinessEntities.Portfolio,System.Nullable{StockSharp.Messages.Sides},StockSharp.BusinessEntities.ExchangeBoard,StockSharp.BusinessEntities.Security,System.Nullable{StockSharp.Messages.SecurityTypes},System.Nullable{System.Int64})/param/isStopOrder;DocStr840
M:StockSharp.BusinessEntities.IConnector.CancelOrders(System.Nullable{System.Boolean},StockSharp.BusinessEntities.Portfolio,System.Nullable{StockSharp.Messages.Sides},StockSharp.BusinessEntities.ExchangeBoard,StockSharp.BusinessEntities.Security,System.Nullable{StockSharp.Messages.SecurityTypes},System.Nullable{System.Int64})/param/portfolio;DocStr841
M:StockSharp.BusinessEntities.IConnector.CancelOrders(System.Nullable{System.Boolean},StockSharp.BusinessEntities.Portfolio,System.Nullable{StockSharp.Messages.Sides},StockSharp.BusinessEntities.ExchangeBoard,StockSharp.BusinessEntities.Security,System.Nullable{StockSharp.Messages.SecurityTypes},System.Nullable{System.Int64})/param/direction;DocStr842
M:StockSharp.BusinessEntities.IConnector.CancelOrders(System.Nullable{System.Boolean},StockSharp.BusinessEntities.Portfolio,System.Nullable{StockSharp.Messages.Sides},StockSharp.BusinessEntities.ExchangeBoard,StockSharp.BusinessEntities.Security,System.Nullable{StockSharp.Messages.SecurityTypes},System.Nullable{System.Int64})/param/board;DocStr843
M:StockSharp.BusinessEntities.IConnector.CancelOrders(System.Nullable{System.Boolean},StockSharp.BusinessEntities.Portfolio,System.Nullable{StockSharp.Messages.Sides},StockSharp.BusinessEntities.ExchangeBoard,StockSharp.BusinessEntities.Security,System.Nullable{StockSharp.Messages.SecurityTypes},System.Nullable{System.Int64})/param/security;DocStr844
M:StockSharp.BusinessEntities.IConnector.CancelOrders(System.Nullable{System.Boolean},StockSharp.BusinessEntities.Portfolio,System.Nullable{StockSharp.Messages.Sides},StockSharp.BusinessEntities.ExchangeBoard,StockSharp.BusinessEntities.Security,System.Nullable{StockSharp.Messages.SecurityTypes},System.Nullable{System.Int64})/param/securityType;DocStr9087
M:StockSharp.BusinessEntities.IConnector.CancelOrders(System.Nullable{System.Boolean},StockSharp.BusinessEntities.Portfolio,System.Nullable{StockSharp.Messages.Sides},StockSharp.BusinessEntities.ExchangeBoard,StockSharp.BusinessEntities.Security,System.Nullable{StockSharp.Messages.SecurityTypes},System.Nullable{System.Int64})/param/transactionId;DocStr838
M:StockSharp.BusinessEntities.IConnector.SubscribeMarketData(StockSharp.BusinessEntities.Security,StockSharp.Messages.MarketDataMessage)/summary;DocStr772
M:StockSharp.BusinessEntities.IConnector.SubscribeMarketData(StockSharp.BusinessEntities.Security,StockSharp.Messages.MarketDataMessage)/param/security;DocStr773
M:StockSharp.BusinessEntities.IConnector.SubscribeMarketData(StockSharp.BusinessEntities.Security,StockSharp.Messages.MarketDataMessage)/param/message;DocStr9302
M:StockSharp.BusinessEntities.IConnector.UnSubscribeMarketData(StockSharp.BusinessEntities.Security,StockSharp.Messages.MarketDataMessage)/summary;DocStr775
M:StockSharp.BusinessEntities.IConnector.UnSubscribeMarketData(StockSharp.BusinessEntities.Security,StockSharp.Messages.MarketDataMessage)/param/security;DocStr773
M:StockSharp.BusinessEntities.IConnector.UnSubscribeMarketData(StockSharp.BusinessEntities.Security,StockSharp.Messages.MarketDataMessage)/param/message;DocStr9303
M:StockSharp.BusinessEntities.IConnector.RegisterMarketDepth(StockSharp.BusinessEntities.Security,System.Nullable{System.DateTimeOffset},System.Nullable{System.DateTimeOffset},System.Nullable{System.Int64},StockSharp.Messages.MarketDataBuildModes,System.Nullable{StockSharp.Messages.MarketDataTypes},System.Nullable{System.Int32})/summary;DocStr779
M:StockSharp.BusinessEntities.IConnector.RegisterMarketDepth(StockSharp.BusinessEntities.Security,System.Nullable{System.DateTimeOffset},System.Nullable{System.DateTimeOffset},System.Nullable{System.Int64},StockSharp.Messages.MarketDataBuildModes,System.Nullable{StockSharp.Messages.MarketDataTypes},System.Nullable{System.Int32})/param/security;DocStr780
M:StockSharp.BusinessEntities.IConnector.RegisterMarketDepth(StockSharp.BusinessEntities.Security,System.Nullable{System.DateTimeOffset},System.Nullable{System.DateTimeOffset},System.Nullable{System.Int64},StockSharp.Messages.MarketDataBuildModes,System.Nullable{StockSharp.Messages.MarketDataTypes},System.Nullable{System.Int32})/param/from;DocStr84
M:StockSharp.BusinessEntities.IConnector.RegisterMarketDepth(StockSharp.BusinessEntities.Security,System.Nullable{System.DateTimeOffset},System.Nullable{System.DateTimeOffset},System.Nullable{System.Int64},StockSharp.Messages.MarketDataBuildModes,System.Nullable{StockSharp.Messages.MarketDataTypes},System.Nullable{System.Int32})/param/to;DocStr85
M:StockSharp.BusinessEntities.IConnector.RegisterMarketDepth(StockSharp.BusinessEntities.Security,System.Nullable{System.DateTimeOffset},System.Nullable{System.DateTimeOffset},System.Nullable{System.Int64},StockSharp.Messages.MarketDataBuildModes,System.Nullable{StockSharp.Messages.MarketDataTypes},System.Nullable{System.Int32})/param/count;DocStr10539
M:StockSharp.BusinessEntities.IConnector.RegisterMarketDepth(StockSharp.BusinessEntities.Security,System.Nullable{System.DateTimeOffset},System.Nullable{System.DateTimeOffset},System.Nullable{System.Int64},StockSharp.Messages.MarketDataBuildModes,System.Nullable{StockSharp.Messages.MarketDataTypes},System.Nullable{System.Int32})/param/buildMode;BuildMode
M:StockSharp.BusinessEntities.IConnector.RegisterMarketDepth(StockSharp.BusinessEntities.Security,System.Nullable{System.DateTimeOffset},System.Nullable{System.DateTimeOffset},System.Nullable{System.Int64},StockSharp.Messages.MarketDataBuildModes,System.Nullable{StockSharp.Messages.MarketDataTypes},System.Nullable{System.Int32})/param/buildFrom;BuildFrom
M:StockSharp.BusinessEntities.IConnector.RegisterMarketDepth(StockSharp.BusinessEntities.Security,System.Nullable{System.DateTimeOffset},System.Nullable{System.DateTimeOffset},System.Nullable{System.Int64},StockSharp.Messages.MarketDataBuildModes,System.Nullable{StockSharp.Messages.MarketDataTypes},System.Nullable{System.Int32})/param/maxDepth;DocStr10540
M:StockSharp.BusinessEntities.IConnector.UnRegisterMarketDepth(StockSharp.BusinessEntities.Security)/summary;DocStr781
M:StockSharp.BusinessEntities.IConnector.UnRegisterMarketDepth(StockSharp.BusinessEntities.Security)/param/security;DocStr782
M:StockSharp.BusinessEntities.IConnector.RegisterFilteredMarketDepth(StockSharp.BusinessEntities.Security)/summary;DocStr783
M:StockSharp.BusinessEntities.IConnector.RegisterFilteredMarketDepth(StockSharp.BusinessEntities.Security)/param/security;DocStr780
M:StockSharp.BusinessEntities.IConnector.UnRegisterFilteredMarketDepth(StockSharp.BusinessEntities.Security)/summary;DocStr784
M:StockSharp.BusinessEntities.IConnector.UnRegisterFilteredMarketDepth(StockSharp.BusinessEntities.Security)/param/security;DocStr782
M:StockSharp.BusinessEntities.IConnector.RegisterTrades(StockSharp.BusinessEntities.Security,System.Nullable{System.DateTimeOffset},System.Nullable{System.DateTimeOffset},System.Nullable{System.Int64},StockSharp.Messages.MarketDataBuildModes,System.Nullable{StockSharp.Messages.MarketDataTypes})/summary;DocStr785
M:StockSharp.BusinessEntities.IConnector.RegisterTrades(StockSharp.BusinessEntities.Security,System.Nullable{System.DateTimeOffset},System.Nullable{System.DateTimeOffset},System.Nullable{System.Int64},StockSharp.Messages.MarketDataBuildModes,System.Nullable{StockSharp.Messages.MarketDataTypes})/param/security;DocStr786
M:StockSharp.BusinessEntities.IConnector.RegisterTrades(StockSharp.BusinessEntities.Security,System.Nullable{System.DateTimeOffset},System.Nullable{System.DateTimeOffset},System.Nullable{System.Int64},StockSharp.Messages.MarketDataBuildModes,System.Nullable{StockSharp.Messages.MarketDataTypes})/param/from;DocStr84
M:StockSharp.BusinessEntities.IConnector.RegisterTrades(StockSharp.BusinessEntities.Security,System.Nullable{System.DateTimeOffset},System.Nullable{System.DateTimeOffset},System.Nullable{System.Int64},StockSharp.Messages.MarketDataBuildModes,System.Nullable{StockSharp.Messages.MarketDataTypes})/param/to;DocStr85
M:StockSharp.BusinessEntities.IConnector.RegisterTrades(StockSharp.BusinessEntities.Security,System.Nullable{System.DateTimeOffset},System.Nullable{System.DateTimeOffset},System.Nullable{System.Int64},StockSharp.Messages.MarketDataBuildModes,System.Nullable{StockSharp.Messages.MarketDataTypes})/param/count;DocStr10539
M:StockSharp.BusinessEntities.IConnector.RegisterTrades(StockSharp.BusinessEntities.Security,System.Nullable{System.DateTimeOffset},System.Nullable{System.DateTimeOffset},System.Nullable{System.Int64},StockSharp.Messages.MarketDataBuildModes,System.Nullable{StockSharp.Messages.MarketDataTypes})/param/buildMode;BuildMode
M:StockSharp.BusinessEntities.IConnector.RegisterTrades(StockSharp.BusinessEntities.Security,System.Nullable{System.DateTimeOffset},System.Nullable{System.DateTimeOffset},System.Nullable{System.Int64},StockSharp.Messages.MarketDataBuildModes,System.Nullable{StockSharp.Messages.MarketDataTypes})/param/buildFrom;BuildFrom
M:StockSharp.BusinessEntities.IConnector.UnRegisterTrades(StockSharp.BusinessEntities.Security)/summary;DocStr787
M:StockSharp.BusinessEntities.IConnector.UnRegisterTrades(StockSharp.BusinessEntities.Security)/param/security;DocStr788
M:StockSharp.BusinessEntities.IConnector.RegisterSecurity(StockSharp.BusinessEntities.Security,System.Nullable{System.DateTimeOffset},System.Nullable{System.DateTimeOffset},System.Nullable{System.Int64},StockSharp.Messages.MarketDataBuildModes,System.Nullable{StockSharp.Messages.MarketDataTypes})/summary;DocStr776
M:StockSharp.BusinessEntities.IConnector.RegisterSecurity(StockSharp.BusinessEntities.Security,System.Nullable{System.DateTimeOffset},System.Nullable{System.DateTimeOffset},System.Nullable{System.Int64},StockSharp.Messages.MarketDataBuildModes,System.Nullable{StockSharp.Messages.MarketDataTypes})/param/security;DocStr773
M:StockSharp.BusinessEntities.IConnector.RegisterSecurity(StockSharp.BusinessEntities.Security,System.Nullable{System.DateTimeOffset},System.Nullable{System.DateTimeOffset},System.Nullable{System.Int64},StockSharp.Messages.MarketDataBuildModes,System.Nullable{StockSharp.Messages.MarketDataTypes})/param/from;DocStr84
M:StockSharp.BusinessEntities.IConnector.RegisterSecurity(StockSharp.BusinessEntities.Security,System.Nullable{System.DateTimeOffset},System.Nullable{System.DateTimeOffset},System.Nullable{System.Int64},StockSharp.Messages.MarketDataBuildModes,System.Nullable{StockSharp.Messages.MarketDataTypes})/param/to;DocStr85
M:StockSharp.BusinessEntities.IConnector.RegisterSecurity(StockSharp.BusinessEntities.Security,System.Nullable{System.DateTimeOffset},System.Nullable{System.DateTimeOffset},System.Nullable{System.Int64},StockSharp.Messages.MarketDataBuildModes,System.Nullable{StockSharp.Messages.MarketDataTypes})/param/count;DocStr10539
M:StockSharp.BusinessEntities.IConnector.RegisterSecurity(StockSharp.BusinessEntities.Security,System.Nullable{System.DateTimeOffset},System.Nullable{System.DateTimeOffset},System.Nullable{System.Int64},StockSharp.Messages.MarketDataBuildModes,System.Nullable{StockSharp.Messages.MarketDataTypes})/param/buildMode;BuildMode
M:StockSharp.BusinessEntities.IConnector.RegisterSecurity(StockSharp.BusinessEntities.Security,System.Nullable{System.DateTimeOffset},System.Nullable{System.DateTimeOffset},System.Nullable{System.Int64},StockSharp.Messages.MarketDataBuildModes,System.Nullable{StockSharp.Messages.MarketDataTypes})/param/buildFrom;BuildFrom
M:StockSharp.BusinessEntities.IConnector.UnRegisterSecurity(StockSharp.BusinessEntities.Security)/summary;DocStr777
M:StockSharp.BusinessEntities.IConnector.UnRegisterSecurity(StockSharp.BusinessEntities.Security)/param/security;DocStr778
M:StockSharp.BusinessEntities.IConnector.RegisterOrderLog(StockSharp.BusinessEntities.Security,System.Nullable{System.DateTimeOffset},System.Nullable{System.DateTimeOffset},System.Nullable{System.Int64})/summary;DocStr793
M:StockSharp.BusinessEntities.IConnector.RegisterOrderLog(StockSharp.BusinessEntities.Security,System.Nullable{System.DateTimeOffset},System.Nullable{System.DateTimeOffset},System.Nullable{System.Int64})/param/security;DocStr794
M:StockSharp.BusinessEntities.IConnector.RegisterOrderLog(StockSharp.BusinessEntities.Security,System.Nullable{System.DateTimeOffset},System.Nullable{System.DateTimeOffset},System.Nullable{System.Int64})/param/from;DocStr84
M:StockSharp.BusinessEntities.IConnector.RegisterOrderLog(StockSharp.BusinessEntities.Security,System.Nullable{System.DateTimeOffset},System.Nullable{System.DateTimeOffset},System.Nullable{System.Int64})/param/to;DocStr85
M:StockSharp.BusinessEntities.IConnector.RegisterOrderLog(StockSharp.BusinessEntities.Security,System.Nullable{System.DateTimeOffset},System.Nullable{System.DateTimeOffset},System.Nullable{System.Int64})/param/count;DocStr10539
M:StockSharp.BusinessEntities.IConnector.UnRegisterOrderLog(StockSharp.BusinessEntities.Security)/summary;DocStr795
M:StockSharp.BusinessEntities.IConnector.UnRegisterOrderLog(StockSharp.BusinessEntities.Security)/param/security;DocStr796
M:StockSharp.BusinessEntities.IConnector.RegisterPortfolio(StockSharp.BusinessEntities.Portfolio)/summary;DocStr789
M:StockSharp.BusinessEntities.IConnector.RegisterPortfolio(StockSharp.BusinessEntities.Portfolio)/param/portfolio;DocStr790
M:StockSharp.BusinessEntities.IConnector.UnRegisterPortfolio(StockSharp.BusinessEntities.Portfolio)/summary;DocStr791
M:StockSharp.BusinessEntities.IConnector.UnRegisterPortfolio(StockSharp.BusinessEntities.Portfolio)/param/portfolio;DocStr792
M:StockSharp.BusinessEntities.IConnector.RegisterNews/summary;DocStr797
M:StockSharp.BusinessEntities.IConnector.UnRegisterNews/summary;DocStr798
M:StockSharp.BusinessEntities.IConnector.SubscribeBoard(StockSharp.BusinessEntities.ExchangeBoard)/summary;DocStr10783
M:StockSharp.BusinessEntities.IConnector.SubscribeBoard(StockSharp.BusinessEntities.ExchangeBoard)/param/board;DocStr10784
M:StockSharp.BusinessEntities.IConnector.UnSubscribeBoard(StockSharp.BusinessEntities.ExchangeBoard)/summary;DocStr10785
M:StockSharp.BusinessEntities.IConnector.UnSubscribeBoard(StockSharp.BusinessEntities.ExchangeBoard)/param/board;DocStr10786
T:StockSharp.BusinessEntities.IMarketDataProvider/summary;DocStr2826
E:StockSharp.BusinessEntities.IMarketDataProvider.ValuesChanged/summary;DocStr898
M:StockSharp.BusinessEntities.IMarketDataProvider.GetMarketDepth(StockSharp.BusinessEntities.Security)/summary;DocStr816
M:StockSharp.BusinessEntities.IMarketDataProvider.GetMarketDepth(StockSharp.BusinessEntities.Security)/param/security;DocStr817
M:StockSharp.BusinessEntities.IMarketDataProvider.GetMarketDepth(StockSharp.BusinessEntities.Security)/returns;DocStr2829
M:StockSharp.BusinessEntities.IMarketDataProvider.GetSecurityValue(StockSharp.BusinessEntities.Security,StockSharp.Messages.Level1Fields)/summary;DocStr853
M:StockSharp.BusinessEntities.IMarketDataProvider.GetSecurityValue(StockSharp.BusinessEntities.Security,StockSharp.Messages.Level1Fields)/param/security;DocStr2831
M:StockSharp.BusinessEntities.IMarketDataProvider.GetSecurityValue(StockSharp.BusinessEntities.Security,StockSharp.Messages.Level1Fields)/param/field;DocStr854
M:StockSharp.BusinessEntities.IMarketDataProvider.GetSecurityValue(StockSharp.BusinessEntities.Security,StockSharp.Messages.Level1Fields)/returns;DocStr855
M:StockSharp.BusinessEntities.IMarketDataProvider.GetLevel1Fields(StockSharp.BusinessEntities.Security)/summary;DocStr856
M:StockSharp.BusinessEntities.IMarketDataProvider.GetLevel1Fields(StockSharp.BusinessEntities.Security)/param/security;DocStr2831
M:StockSharp.BusinessEntities.IMarketDataProvider.GetLevel1Fields(StockSharp.BusinessEntities.Security)/returns;DocStr857
T:StockSharp.BusinessEntities.INewsProvider/summary;DocStr8682
M:StockSharp.BusinessEntities.INewsProvider.RequestNewsStory(StockSharp.BusinessEntities.News)/summary;DocStr799
M:StockSharp.BusinessEntities.INewsProvider.RequestNewsStory(StockSharp.BusinessEntities.News)/param/news;News
T:StockSharp.BusinessEntities.IPortfolioProvider/summary;DocStr8683
M:StockSharp.BusinessEntities.IPortfolioProvider.GetPortfolio(System.String)/summary;DocStr10879
M:StockSharp.BusinessEntities.IPortfolioProvider.GetPortfolio(System.String)/param/name;DocStr3127
M:StockSharp.BusinessEntities.IPortfolioProvider.GetPortfolio(System.String)/returns;Portfolio
P:StockSharp.BusinessEntities.IPortfolioProvider.Portfolios/summary;DocStr917
E:StockSharp.BusinessEntities.IPortfolioProvider.NewPortfolio/summary;DocStr8553
E:StockSharp.BusinessEntities.IPortfolioProvider.PortfolioChanged/summary;DocStr8554
T:StockSharp.BusinessEntities.IPositionProvider/summary;DocStr10178
P:StockSharp.BusinessEntities.IPositionProvider.Positions/summary;DocStr918
E:StockSharp.BusinessEntities.IPositionProvider.NewPosition/summary;DocStr10179
E:StockSharp.BusinessEntities.IPositionProvider.PositionChanged/summary;DocStr8556
M:StockSharp.BusinessEntities.IPositionProvider.GetPosition(StockSharp.BusinessEntities.Portfolio,StockSharp.BusinessEntities.Security,System.String,System.String)/summary;DocStr812
M:StockSharp.BusinessEntities.IPositionProvider.GetPosition(StockSharp.BusinessEntities.Portfolio,StockSharp.BusinessEntities.Security,System.String,System.String)/param/portfolio;DocStr813
M:StockSharp.BusinessEntities.IPositionProvider.GetPosition(StockSharp.BusinessEntities.Portfolio,StockSharp.BusinessEntities.Security,System.String,System.String)/param/security;DocStr814
M:StockSharp.BusinessEntities.IPositionProvider.GetPosition(StockSharp.BusinessEntities.Portfolio,StockSharp.BusinessEntities.Security,System.String,System.String)/param/clientCode;DocStr9258
M:StockSharp.BusinessEntities.IPositionProvider.GetPosition(StockSharp.BusinessEntities.Portfolio,StockSharp.BusinessEntities.Security,System.String,System.String)/param/depoName;DocStr815
M:StockSharp.BusinessEntities.IPositionProvider.GetPosition(StockSharp.BusinessEntities.Portfolio,StockSharp.BusinessEntities.Security,System.String,System.String)/returns;Str862
T:StockSharp.BusinessEntities.ISecurityProvider/summary;DocStr2819
P:StockSharp.BusinessEntities.ISecurityProvider.Count/summary;DocStr8499
E:StockSharp.BusinessEntities.ISecurityProvider.Added/summary;DocStr8500
E:StockSharp.BusinessEntities.ISecurityProvider.Removed/summary;DocStr8501
E:StockSharp.BusinessEntities.ISecurityProvider.Cleared/summary;DocStr8502
M:StockSharp.BusinessEntities.ISecurityProvider.Lookup(StockSharp.BusinessEntities.Security)/summary;DocStr800
M:StockSharp.BusinessEntities.ISecurityProvider.Lookup(StockSharp.BusinessEntities.Security)/param/criteria;DocStr111
M:StockSharp.BusinessEntities.ISecurityProvider.Lookup(StockSharp.BusinessEntities.Security)/returns;DocStr8518
T:StockSharp.BusinessEntities.MarketDepth/summary;DocStr2829
M:StockSharp.BusinessEntities.MarketDepth.#ctor(StockSharp.BusinessEntities.Security)/summary;DocStr2830
M:StockSharp.BusinessEntities.MarketDepth.#ctor(StockSharp.BusinessEntities.Security)/param/security;DocStr2831
P:StockSharp.BusinessEntities.MarketDepth.MaxDepth/summary;DocStr2885
P:StockSharp.BusinessEntities.MarketDepth.MaxDepth/remarks;DocStr2886
P:StockSharp.BusinessEntities.MarketDepth.Security/summary;DocStr2831
P:StockSharp.BusinessEntities.MarketDepth.AutoVerify/summary;DocStr2887
P:StockSharp.BusinessEntities.MarketDepth.AutoVerify/remarks;DocStr2888
P:StockSharp.BusinessEntities.MarketDepth.UseAggregatedQuotes/summary;DocStr2889
P:StockSharp.BusinessEntities.MarketDepth.UseAggregatedQuotes/remarks;DocStr2888
P:StockSharp.BusinessEntities.MarketDepth.LastChangeTime/summary;DocStr2854
P:StockSharp.BusinessEntities.MarketDepth.LocalTime/summary;DocStr2890
P:StockSharp.BusinessEntities.MarketDepth.Bids/summary;DocStr2891
P:StockSharp.BusinessEntities.MarketDepth.Asks/summary;DocStr2892
P:StockSharp.BusinessEntities.MarketDepth.Currency/summary;Str382
P:StockSharp.BusinessEntities.MarketDepth.BestBid/summary;DocStr2893
P:StockSharp.BusinessEntities.MarketDepth.BestAsk/summary;DocStr2894
P:StockSharp.BusinessEntities.MarketDepth.BestPair/summary;DocStr2895
P:StockSharp.BusinessEntities.MarketDepth.TotalBidsPrice/summary;DocStr2896
P:StockSharp.BusinessEntities.MarketDepth.TotalAsksPrice/summary;DocStr2897
P:StockSharp.BusinessEntities.MarketDepth.TotalBidsVolume/summary;DocStr2898
P:StockSharp.BusinessEntities.MarketDepth.TotalAsksVolume/summary;DocStr2899
P:StockSharp.BusinessEntities.MarketDepth.TotalVolume/summary;DocStr2900
P:StockSharp.BusinessEntities.MarketDepth.TotalPrice/summary;DocStr2901
P:StockSharp.BusinessEntities.MarketDepth.Count/summary;DocStr2902
P:StockSharp.BusinessEntities.MarketDepth.Depth/summary;Str1197
E:StockSharp.BusinessEntities.MarketDepth.QuoteOutOfDepth/summary;DocStr2903
E:StockSharp.BusinessEntities.MarketDepth.DepthChanged/summary;DocStr2904
E:StockSharp.BusinessEntities.MarketDepth.QuotesChanged/summary;DocStr2905
M:StockSharp.BusinessEntities.MarketDepth.Decrease(System.Int32)/summary;DocStr2832
M:StockSharp.BusinessEntities.MarketDepth.Decrease(System.Int32)/param/newDepth;DocStr2833
M:StockSharp.BusinessEntities.MarketDepth.GetQuote(StockSharp.Messages.Sides,System.Int32)/summary;DocStr2834
M:StockSharp.BusinessEntities.MarketDepth.GetQuote(StockSharp.Messages.Sides,System.Int32)/param/orderDirection;DocStr2835
M:StockSharp.BusinessEntities.MarketDepth.GetQuote(StockSharp.Messages.Sides,System.Int32)/param/depthIndex;DocStr2836
M:StockSharp.BusinessEntities.MarketDepth.GetQuote(StockSharp.Messages.Sides,System.Int32)/returns;DocStr2837
M:StockSharp.BusinessEntities.MarketDepth.GetQuote(System.Decimal)/summary;DocStr2838
M:StockSharp.BusinessEntities.MarketDepth.GetQuote(System.Decimal)/param/price;Str275
M:StockSharp.BusinessEntities.MarketDepth.GetQuote(System.Decimal)/returns;DocStr2839
M:StockSharp.BusinessEntities.MarketDepth.GetQuotes(StockSharp.Messages.Sides)/summary;DocStr2840
M:StockSharp.BusinessEntities.MarketDepth.GetQuotes(StockSharp.Messages.Sides)/param/orderDirection;DocStr2835
M:StockSharp.BusinessEntities.MarketDepth.GetQuotes(StockSharp.Messages.Sides)/returns;Str1659
M:StockSharp.BusinessEntities.MarketDepth.GetBestQuote(StockSharp.Messages.Sides)/summary;DocStr2841
M:StockSharp.BusinessEntities.MarketDepth.GetBestQuote(StockSharp.Messages.Sides)/param/orderDirection;OrderSide
M:StockSharp.BusinessEntities.MarketDepth.GetBestQuote(StockSharp.Messages.Sides)/returns;DocStr2842
M:StockSharp.BusinessEntities.MarketDepth.GetPair(System.Int32)/summary;DocStr2843
M:StockSharp.BusinessEntities.MarketDepth.GetPair(System.Int32)/param/depthIndex;DocStr2844
M:StockSharp.BusinessEntities.MarketDepth.GetPair(System.Int32)/returns;DocStr2845
M:StockSharp.BusinessEntities.MarketDepth.GetTopPairs(System.Int32)/summary;DocStr2846
M:StockSharp.BusinessEntities.MarketDepth.GetTopPairs(System.Int32)/param/depth;DocStr2847
M:StockSharp.BusinessEntities.MarketDepth.GetTopPairs(System.Int32)/returns;DocStr2848
M:StockSharp.BusinessEntities.MarketDepth.GetTopQuotes(System.Int32)/summary;DocStr2849
M:StockSharp.BusinessEntities.MarketDepth.GetTopQuotes(System.Int32)/param/depth;DocStr2850
M:StockSharp.BusinessEntities.MarketDepth.GetTopQuotes(System.Int32)/returns;DocStr2848
M:StockSharp.BusinessEntities.MarketDepth.Update(System.Collections.Generic.IEnumerable{StockSharp.BusinessEntities.Quote},System.DateTimeOffset)/summary;DocStr2851
M:StockSharp.BusinessEntities.MarketDepth.Update(System.Collections.Generic.IEnumerable{StockSharp.BusinessEntities.Quote},System.DateTimeOffset)/param/quotes;DocStr2853
M:StockSharp.BusinessEntities.MarketDepth.Update(System.Collections.Generic.IEnumerable{StockSharp.BusinessEntities.Quote},System.DateTimeOffset)/param/lastChangeTime;DocStr2854
M:StockSharp.BusinessEntities.MarketDepth.Update(System.Collections.Generic.IEnumerable{StockSharp.BusinessEntities.Quote},System.DateTimeOffset)/returns;MarketDepth
M:StockSharp.BusinessEntities.MarketDepth.Update(System.Collections.Generic.IEnumerable{StockSharp.BusinessEntities.Quote},System.DateTimeOffset)/remarks;DocStr2852
M:StockSharp.BusinessEntities.MarketDepth.Update(System.Collections.Generic.IEnumerable{StockSharp.BusinessEntities.Quote},System.Collections.Generic.IEnumerable{StockSharp.BusinessEntities.Quote},System.Boolean,System.DateTimeOffset)/summary;DocStr2855
M:StockSharp.BusinessEntities.MarketDepth.Update(System.Collections.Generic.IEnumerable{StockSharp.BusinessEntities.Quote},System.Collections.Generic.IEnumerable{StockSharp.BusinessEntities.Quote},System.Boolean,System.DateTimeOffset)/param/bids;DocStr2856
M:StockSharp.BusinessEntities.MarketDepth.Update(System.Collections.Generic.IEnumerable{StockSharp.BusinessEntities.Quote},System.Collections.Generic.IEnumerable{StockSharp.BusinessEntities.Quote},System.Boolean,System.DateTimeOffset)/param/asks;DocStr2857
M:StockSharp.BusinessEntities.MarketDepth.Update(System.Collections.Generic.IEnumerable{StockSharp.BusinessEntities.Quote},System.Collections.Generic.IEnumerable{StockSharp.BusinessEntities.Quote},System.Boolean,System.DateTimeOffset)/param/isSorted;DocStr2858
M:StockSharp.BusinessEntities.MarketDepth.Update(System.Collections.Generic.IEnumerable{StockSharp.BusinessEntities.Quote},System.Collections.Generic.IEnumerable{StockSharp.BusinessEntities.Quote},System.Boolean,System.DateTimeOffset)/param/lastChangeTime;DocStr2854
M:StockSharp.BusinessEntities.MarketDepth.Update(System.Collections.Generic.IEnumerable{StockSharp.BusinessEntities.Quote},System.Collections.Generic.IEnumerable{StockSharp.BusinessEntities.Quote},System.Boolean,System.DateTimeOffset)/returns;MarketDepth
M:StockSharp.BusinessEntities.MarketDepth.Update(System.Collections.Generic.IEnumerable{StockSharp.BusinessEntities.Quote},System.Collections.Generic.IEnumerable{StockSharp.BusinessEntities.Quote},System.Boolean,System.DateTimeOffset)/remarks;DocStr2852
M:StockSharp.BusinessEntities.MarketDepth.Update(StockSharp.BusinessEntities.Quote[],StockSharp.BusinessEntities.Quote[],System.DateTimeOffset)/summary;DocStr2859
M:StockSharp.BusinessEntities.MarketDepth.Update(StockSharp.BusinessEntities.Quote[],StockSharp.BusinessEntities.Quote[],System.DateTimeOffset)/param/bids;DocStr2860
M:StockSharp.BusinessEntities.MarketDepth.Update(StockSharp.BusinessEntities.Quote[],StockSharp.BusinessEntities.Quote[],System.DateTimeOffset)/param/asks;DocStr2861
M:StockSharp.BusinessEntities.MarketDepth.Update(StockSharp.BusinessEntities.Quote[],StockSharp.BusinessEntities.Quote[],System.DateTimeOffset)/param/lastChangeTime;DocStr2862
M:StockSharp.BusinessEntities.MarketDepth.UpdateQuote(StockSharp.BusinessEntities.Quote)/summary;DocStr2863
M:StockSharp.BusinessEntities.MarketDepth.UpdateQuote(StockSharp.BusinessEntities.Quote)/param/quote;DocStr2864
M:StockSharp.BusinessEntities.MarketDepth.AddBid(System.Decimal,System.Decimal)/summary;DocStr2865
M:StockSharp.BusinessEntities.MarketDepth.AddBid(System.Decimal,System.Decimal)/param/price;DocStr2866
M:StockSharp.BusinessEntities.MarketDepth.AddBid(System.Decimal,System.Decimal)/param/volume;DocStr2867
M:StockSharp.BusinessEntities.MarketDepth.AddAsk(System.Decimal,System.Decimal)/summary;DocStr2868
M:StockSharp.BusinessEntities.MarketDepth.AddAsk(System.Decimal,System.Decimal)/param/price;DocStr2869
M:StockSharp.BusinessEntities.MarketDepth.AddAsk(System.Decimal,System.Decimal)/param/volume;DocStr2870
M:StockSharp.BusinessEntities.MarketDepth.AddQuote(StockSharp.BusinessEntities.Quote)/summary;DocStr2871
M:StockSharp.BusinessEntities.MarketDepth.AddQuote(StockSharp.BusinessEntities.Quote)/param/quote;DocStr2864
M:StockSharp.BusinessEntities.MarketDepth.GetEnumerator/summary;DocStr2872
M:StockSharp.BusinessEntities.MarketDepth.GetEnumerator/returns;DocStr2873
M:StockSharp.BusinessEntities.MarketDepth.System#Collections#IEnumerable#GetEnumerator/summary;DocStr2872
M:StockSharp.BusinessEntities.MarketDepth.System#Collections#IEnumerable#GetEnumerator/returns;DocStr2873
M:StockSharp.BusinessEntities.MarketDepth.ToPairs/summary;DocStr2874
M:StockSharp.BusinessEntities.MarketDepth.ToPairs/returns;DocStr2875
M:StockSharp.BusinessEntities.MarketDepth.Remove(StockSharp.BusinessEntities.Quote,System.DateTimeOffset)/summary;DocStr2876
M:StockSharp.BusinessEntities.MarketDepth.Remove(StockSharp.BusinessEntities.Quote,System.DateTimeOffset)/param/quote;DocStr2877
M:StockSharp.BusinessEntities.MarketDepth.Remove(StockSharp.BusinessEntities.Quote,System.DateTimeOffset)/param/lastChangeTime;DocStr2878
M:StockSharp.BusinessEntities.MarketDepth.Remove(System.Decimal,System.Decimal,System.DateTimeOffset)/summary;DocStr2879
M:StockSharp.BusinessEntities.MarketDepth.Remove(System.Decimal,System.Decimal,System.DateTimeOffset)/param/price;DocStr2880
M:StockSharp.BusinessEntities.MarketDepth.Remove(System.Decimal,System.Decimal,System.DateTimeOffset)/param/volume;DocStr2881
M:StockSharp.BusinessEntities.MarketDepth.Remove(System.Decimal,System.Decimal,System.DateTimeOffset)/param/lastChangeTime;DocStr2878
M:StockSharp.BusinessEntities.MarketDepth.Remove(StockSharp.Messages.Sides,System.Decimal,System.Decimal,System.DateTimeOffset)/summary;DocStr2879
M:StockSharp.BusinessEntities.MarketDepth.Remove(StockSharp.Messages.Sides,System.Decimal,System.Decimal,System.DateTimeOffset)/param/direction;OrderSide
M:StockSharp.BusinessEntities.MarketDepth.Remove(StockSharp.Messages.Sides,System.Decimal,System.Decimal,System.DateTimeOffset)/param/price;DocStr2880
M:StockSharp.BusinessEntities.MarketDepth.Remove(StockSharp.Messages.Sides,System.Decimal,System.Decimal,System.DateTimeOffset)/param/volume;DocStr2881
M:StockSharp.BusinessEntities.MarketDepth.Remove(StockSharp.Messages.Sides,System.Decimal,System.Decimal,System.DateTimeOffset)/param/lastChangeTime;DocStr2878
M:StockSharp.BusinessEntities.MarketDepth.Clone/summary;DocStr643
M:StockSharp.BusinessEntities.MarketDepth.Clone/returns;DocStr1116
M:StockSharp.BusinessEntities.MarketDepth.ToString/summary;DocStr49
M:StockSharp.BusinessEntities.MarketDepth.ToString/returns;DocStr50
M:StockSharp.BusinessEntities.MarketDepth.Verify/summary;DocStr2882
M:StockSharp.BusinessEntities.MarketDepth.Verify/returns;DocStr2884
M:StockSharp.BusinessEntities.MarketDepth.Verify/remarks;DocStr2883
T:StockSharp.BusinessEntities.MarketDepthPair/summary;DocStr2906
M:StockSharp.BusinessEntities.MarketDepthPair.#ctor(StockSharp.BusinessEntities.Security,StockSharp.BusinessEntities.Quote,StockSharp.BusinessEntities.Quote)/summary;DocStr1
M:StockSharp.BusinessEntities.MarketDepthPair.#ctor(StockSharp.BusinessEntities.Security,StockSharp.BusinessEntities.Quote,StockSharp.BusinessEntities.Quote)/param/security;DocStr2831
M:StockSharp.BusinessEntities.MarketDepthPair.#ctor(StockSharp.BusinessEntities.Security,StockSharp.BusinessEntities.Quote,StockSharp.BusinessEntities.Quote)/param/bid;Bid
M:StockSharp.BusinessEntities.MarketDepthPair.#ctor(StockSharp.BusinessEntities.Security,StockSharp.BusinessEntities.Quote,StockSharp.BusinessEntities.Quote)/param/ask;Ask
P:StockSharp.BusinessEntities.MarketDepthPair.Security/summary;DocStr2831
P:StockSharp.BusinessEntities.MarketDepthPair.Bid/summary;Bid
P:StockSharp.BusinessEntities.MarketDepthPair.Ask/summary;Ask
P:StockSharp.BusinessEntities.MarketDepthPair.SpreadPrice/summary;DocStr2907
P:StockSharp.BusinessEntities.MarketDepthPair.SpreadVolume/summary;DocStr2908
P:StockSharp.BusinessEntities.MarketDepthPair.MiddlePrice/summary;DocStr2909
P:StockSharp.BusinessEntities.MarketDepthPair.IsFull/summary;DocStr2910
M:StockSharp.BusinessEntities.MarketDepthPair.ToString/summary;DocStr49
M:StockSharp.BusinessEntities.MarketDepthPair.ToString/returns;DocStr50
T:StockSharp.BusinessEntities.MyTrade/summary;OwnTrade
M:StockSharp.BusinessEntities.MyTrade.#ctor/summary;DocStr1
P:StockSharp.BusinessEntities.MyTrade.Order/summary;Str505
P:StockSharp.BusinessEntities.MyTrade.Trade/summary;DocStr2911
P:StockSharp.BusinessEntities.MyTrade.Commission/summary;XamlStr249
P:StockSharp.BusinessEntities.MyTrade.CommissionCurrency/summary;DocStr10805
P:StockSharp.BusinessEntities.MyTrade.Slippage/summary;Str164
P:StockSharp.BusinessEntities.MyTrade.PnL/summary;DocStr8684
P:StockSharp.BusinessEntities.MyTrade.Position/summary;DocStr8685
P:StockSharp.BusinessEntities.MyTrade.ExtensionInfo/summary;DocStr2937
P:StockSharp.BusinessEntities.MyTrade.ExtensionInfo/remarks;DocStr2913
M:StockSharp.BusinessEntities.MyTrade.ToString/summary;DocStr49
M:StockSharp.BusinessEntities.MyTrade.ToString/returns;DocStr50
T:StockSharp.BusinessEntities.News/summary;News
P:StockSharp.BusinessEntities.News.Id/summary;NewsId
P:StockSharp.BusinessEntities.News.Board/summary;DocStr2914
P:StockSharp.BusinessEntities.News.Security/summary;Str513
P:StockSharp.BusinessEntities.News.Source/summary;Str214
P:StockSharp.BusinessEntities.News.Headline/summary;Str215
P:StockSharp.BusinessEntities.News.Story/summary;Str218
P:StockSharp.BusinessEntities.News.ServerTime/summary;Str220
P:StockSharp.BusinessEntities.News.LocalTime/summary;Str515
P:StockSharp.BusinessEntities.News.Url/summary;Str222
P:StockSharp.BusinessEntities.News.ExtensionInfo/summary;ExtendedInfo
P:StockSharp.BusinessEntities.News.ExtensionInfo/remarks;Str427
M:StockSharp.BusinessEntities.News.ToString/inheritdoc;DocStr8459
T:StockSharp.BusinessEntities.Order/summary;Str504
M:StockSharp.BusinessEntities.Order.#ctor/summary;DocStr1
P:StockSharp.BusinessEntities.Order.LatencyRegistration/summary;Str518
P:StockSharp.BusinessEntities.Order.LatencyCancellation/summary;Str520
P:StockSharp.BusinessEntities.Order.Id/summary;Str1190
P:StockSharp.BusinessEntities.Order.StringId/summary;OrderIdStringDesc
P:StockSharp.BusinessEntities.Order.BoardId/summary;DocStr2915
P:StockSharp.BusinessEntities.Order.Time/summary;Str523
P:StockSharp.BusinessEntities.Order.TransactionId/summary;DocStr2916
P:StockSharp.BusinessEntities.Order.Security/summary;Str524
P:StockSharp.BusinessEntities.Order.State/summary;DocStr1748
P:StockSharp.BusinessEntities.Order.Portfolio/summary;Str525
P:StockSharp.BusinessEntities.Order.Messages/summary;Str527
P:StockSharp.BusinessEntities.Order.LastChangeTime/summary;Str529
P:StockSharp.BusinessEntities.Order.LocalTime/summary;DocStr8686
P:StockSharp.BusinessEntities.Order.Price/summary;Str1341
P:StockSharp.BusinessEntities.Order.Volume/summary;OrderVolume
P:StockSharp.BusinessEntities.Order.VisibleVolume/summary;Str127
P:StockSharp.BusinessEntities.Order.Direction/summary;Str129
P:StockSharp.BusinessEntities.Order.Balance/summary;Str131
P:StockSharp.BusinessEntities.Order.Status/summary;DocStr2917
P:StockSharp.BusinessEntities.Order.IsSystem/summary;IsSystemTrade
P:StockSharp.BusinessEntities.Order.Comment/summary;Str136
P:StockSharp.BusinessEntities.Order.Type/summary;Str132
P:StockSharp.BusinessEntities.Order.ExpiryDate/summary;DocStr2918
P:StockSharp.BusinessEntities.Order.ExpiryDate/remarks;DocStr2919
P:StockSharp.BusinessEntities.Order.Condition/summary;Str155
P:StockSharp.BusinessEntities.Order.TimeInForce/summary;Str232
P:StockSharp.BusinessEntities.Order.DerivedOrder/summary;DocStr2920
P:StockSharp.BusinessEntities.Order.RepoInfo/summary;Str234
P:StockSharp.BusinessEntities.Order.RpsInfo/summary;Str236
P:StockSharp.BusinessEntities.Order.ExtensionInfo/summary;DocStr2921
P:StockSharp.BusinessEntities.Order.ExtensionInfo/remarks;DocStr2922
P:StockSharp.BusinessEntities.Order.Commission/summary;Str160
P:StockSharp.BusinessEntities.Order.CommissionCurrency/summary;DocStr10805
P:StockSharp.BusinessEntities.Order.UserOrderId/summary;Str166
P:StockSharp.BusinessEntities.Order.BrokerCode/summary;Str2619
P:StockSharp.BusinessEntities.Order.ClientCode/summary;ClientCodeDesc
P:StockSharp.BusinessEntities.Order.Currency/summary;Str382
P:StockSharp.BusinessEntities.Order.IsMarketMaker/summary;MarketMakerOrder
P:StockSharp.BusinessEntities.Order.IsMargin/summary;IsMargin
P:StockSharp.BusinessEntities.Order.Slippage/summary;Str164
M:StockSharp.BusinessEntities.Order.ToString/summary;DocStr49
M:StockSharp.BusinessEntities.Order.ToString/returns;DocStr50
T:StockSharp.BusinessEntities.OrderFail/summary;DocStr2924
M:StockSharp.BusinessEntities.OrderFail.#ctor/summary;DocStr1
P:StockSharp.BusinessEntities.OrderFail.Order/summary;DocStr2925
P:StockSharp.BusinessEntities.OrderFail.Error/summary;DocStr2926
P:StockSharp.BusinessEntities.OrderFail.ServerTime/summary;ServerTime
P:StockSharp.BusinessEntities.OrderFail.LocalTime/summary;DocStr2927
P:StockSharp.BusinessEntities.OrderFail.ExtensionInfo/summary;DocStr2928
M:StockSharp.BusinessEntities.OrderFail.ToString/summary;DocStr49
M:StockSharp.BusinessEntities.OrderFail.ToString/returns;DocStr50
T:StockSharp.BusinessEntities.OrderLogItem/summary;DocStr1442
M:StockSharp.BusinessEntities.OrderLogItem.#ctor/summary;DocStr1
M:StockSharp.BusinessEntities.OrderLogItem.ToString/summary;DocStr49
M:StockSharp.BusinessEntities.OrderLogItem.ToString/returns;DocStr50
T:StockSharp.BusinessEntities.Portfolio/summary;Str541
M:StockSharp.BusinessEntities.Portfolio.#ctor/summary;DocStr1
P:StockSharp.BusinessEntities.Portfolio.Name/summary;Str247
P:StockSharp.BusinessEntities.Portfolio.Leverage/summary;Str261
P:StockSharp.BusinessEntities.Portfolio.Board/summary;Str544
P:StockSharp.BusinessEntities.Portfolio.State/summary;Str265
P:StockSharp.BusinessEntities.Portfolio.CommissionTaker/summary;CommissionTaker
P:StockSharp.BusinessEntities.Portfolio.CommissionMaker/summary;CommissionMaker
P:StockSharp.BusinessEntities.Portfolio.AnonymousPortfolio/summary;DocStr2932
M:StockSharp.BusinessEntities.Portfolio.Clone/summary;DocStr643
M:StockSharp.BusinessEntities.Portfolio.Clone/returns;DocStr1116
M:StockSharp.BusinessEntities.Portfolio.CopyTo(StockSharp.BusinessEntities.Portfolio)/summary;DocStr2929
M:StockSharp.BusinessEntities.Portfolio.CopyTo(StockSharp.BusinessEntities.Portfolio)/param/destination;DocStr2930
M:StockSharp.BusinessEntities.Portfolio.ToString/summary;DocStr49
M:StockSharp.BusinessEntities.Portfolio.ToString/returns;DocStr50
T:StockSharp.BusinessEntities.Position/summary;PositionDesc
M:StockSharp.BusinessEntities.Position.#ctor/summary;DocStr1
P:StockSharp.BusinessEntities.Position.Portfolio/summary;Str270
P:StockSharp.BusinessEntities.Position.Security/summary;Str271
P:StockSharp.BusinessEntities.Position.DepoName/summary;DocStr2933
P:StockSharp.BusinessEntities.Position.LimitType/summary;DocStr2934
M:StockSharp.BusinessEntities.Position.Clone/summary;DocStr643
M:StockSharp.BusinessEntities.Position.Clone/returns;DocStr1116
M:StockSharp.BusinessEntities.Position.CopyTo(StockSharp.BusinessEntities.Position)/summary;DocStr2615
M:StockSharp.BusinessEntities.Position.CopyTo(StockSharp.BusinessEntities.Position)/param/destination;DocStr2616
M:StockSharp.BusinessEntities.Position.ToString/summary;DocStr49
M:StockSharp.BusinessEntities.Position.ToString/returns;DocStr50
T:StockSharp.BusinessEntities.Quote/summary;Str274
M:StockSharp.BusinessEntities.Quote.#ctor/summary;DocStr1
M:StockSharp.BusinessEntities.Quote.#ctor(StockSharp.BusinessEntities.Security,System.Decimal,System.Decimal,StockSharp.Messages.Sides)/summary;DocStr1
M:StockSharp.BusinessEntities.Quote.#ctor(StockSharp.BusinessEntities.Security,System.Decimal,System.Decimal,StockSharp.Messages.Sides)/param/security;DocStr2609
M:StockSharp.BusinessEntities.Quote.#ctor(StockSharp.BusinessEntities.Security,System.Decimal,System.Decimal,StockSharp.Messages.Sides)/param/price;Str275
M:StockSharp.BusinessEntities.Quote.#ctor(StockSharp.BusinessEntities.Security,System.Decimal,System.Decimal,StockSharp.Messages.Sides)/param/volume;Str276
M:StockSharp.BusinessEntities.Quote.#ctor(StockSharp.BusinessEntities.Security,System.Decimal,System.Decimal,StockSharp.Messages.Sides)/param/direction;Str277
P:StockSharp.BusinessEntities.Quote.Security/summary;DocStr2609
P:StockSharp.BusinessEntities.Quote.Price/summary;Str275
P:StockSharp.BusinessEntities.Quote.Volume/summary;Str276
P:StockSharp.BusinessEntities.Quote.OrderDirection/summary;Str277
P:StockSharp.BusinessEntities.Quote.ExtensionInfo/summary;DocStr2610
P:StockSharp.BusinessEntities.Quote.ExtensionInfo/remarks;DocStr2611
M:StockSharp.BusinessEntities.Quote.Clone/summary;DocStr643
M:StockSharp.BusinessEntities.Quote.Clone/returns;DocStr1116
M:StockSharp.BusinessEntities.Quote.ToString/summary;DocStr49
M:StockSharp.BusinessEntities.Quote.ToString/returns;DocStr50
T:StockSharp.BusinessEntities.Security/summary;Str546
M:StockSharp.BusinessEntities.Security.#ctor/summary;DocStr1
P:StockSharp.BusinessEntities.Security.Id/summary;SecurityId
P:StockSharp.BusinessEntities.Security.Code/summary;DocStr3307
P:StockSharp.BusinessEntities.Security.Board/summary;Str549
P:StockSharp.BusinessEntities.Security.Type/summary;Str360
P:StockSharp.BusinessEntities.Security.Name/summary;DocStr217
P:StockSharp.BusinessEntities.Security.ShortName/summary;Str364
P:StockSharp.BusinessEntities.Security.Currency/summary;Str382
P:StockSharp.BusinessEntities.Security.ExternalId/summary;Str554
P:StockSharp.BusinessEntities.Security.Class/summary;SecurityClass
P:StockSharp.BusinessEntities.Security.PriceStep/summary;Str306
P:StockSharp.BusinessEntities.Security.VolumeStep/summary;Str307
P:StockSharp.BusinessEntities.Security.Multiplier/summary;DocStr2623
P:StockSharp.BusinessEntities.Security.Decimals/summary;Str548
P:StockSharp.BusinessEntities.Security.ExpiryDate/summary;Str371
P:StockSharp.BusinessEntities.Security.SettlementDate/summary;Str373
P:StockSharp.BusinessEntities.Security.CfiCode/summary;CfiCodeDesc
P:StockSharp.BusinessEntities.Security.ExtensionInfo/summary;DocStr2624
P:StockSharp.BusinessEntities.Security.ExtensionInfo/remarks;DocStr2625
P:StockSharp.BusinessEntities.Security.StepPrice/summary;Str290
P:StockSharp.BusinessEntities.Security.LastTrade/summary;DocStr2626
P:StockSharp.BusinessEntities.Security.OpenPrice/summary;Str559
P:StockSharp.BusinessEntities.Security.ClosePrice/summary;Str561
P:StockSharp.BusinessEntities.Security.LowPrice/summary;Str562
P:StockSharp.BusinessEntities.Security.HighPrice/summary;Str564
P:StockSharp.BusinessEntities.Security.BestBid/summary;Str566
P:StockSharp.BusinessEntities.Security.BestAsk/summary;BestAskDesc
P:StockSharp.BusinessEntities.Security.BestPair/summary;DocStr2627
P:StockSharp.BusinessEntities.Security.State/summary;Str569
P:StockSharp.BusinessEntities.Security.MinPrice/summary;PriceMinLimit
P:StockSharp.BusinessEntities.Security.MaxPrice/summary;PriceMaxLimit
P:StockSharp.BusinessEntities.Security.MarginBuy/summary;MarginBuy
P:StockSharp.BusinessEntities.Security.MarginSell/summary;MarginSell
P:StockSharp.BusinessEntities.Security.UnderlyingSecurityId/summary;Str550
P:StockSharp.BusinessEntities.Security.OptionType/summary;Str551
P:StockSharp.BusinessEntities.Security.Strike/summary;OptionStrikePrice
P:StockSharp.BusinessEntities.Security.BinaryOptionType/summary;TypeBinaryOption
P:StockSharp.BusinessEntities.Security.ImpliedVolatility/summary;Str293
P:StockSharp.BusinessEntities.Security.HistoricalVolatility/summary;Str299
P:StockSharp.BusinessEntities.Security.TheorPrice/summary;Str294
P:StockSharp.BusinessEntities.Security.Delta/summary;OptionDelta
P:StockSharp.BusinessEntities.Security.Gamma/summary;OptionGamma
P:StockSharp.BusinessEntities.Security.Vega/summary;OptionVega
P:StockSharp.BusinessEntities.Security.Theta/summary;OptionTheta
P:StockSharp.BusinessEntities.Security.Rho/summary;OptionRho
P:StockSharp.BusinessEntities.Security.OpenInterest/summary;Str151
P:StockSharp.BusinessEntities.Security.LocalTime/summary;DocStr2629
P:StockSharp.BusinessEntities.Security.LastChangeTime/summary;DocStr2630
P:StockSharp.BusinessEntities.Security.BidsVolume/summary;BidsVolume
P:StockSharp.BusinessEntities.Security.BidsCount/summary;BidsCount
P:StockSharp.BusinessEntities.Security.AsksVolume/summary;AsksVolume
P:StockSharp.BusinessEntities.Security.AsksCount/summary;AsksCount
P:StockSharp.BusinessEntities.Security.TradesCount/summary;NumOfTrades
P:StockSharp.BusinessEntities.Security.HighBidPrice/summary;Str594
P:StockSharp.BusinessEntities.Security.LowAskPrice/summary;Str595
P:StockSharp.BusinessEntities.Security.Yield/summary;Str321
P:StockSharp.BusinessEntities.Security.VWAP/summary;DocStr7578
P:StockSharp.BusinessEntities.Security.SettlementPrice/summary;Str312
P:StockSharp.BusinessEntities.Security.AveragePrice/summary;Str311
P:StockSharp.BusinessEntities.Security.Volume/summary;Str310
P:StockSharp.BusinessEntities.Security.Turnover/summary;Turnover
P:StockSharp.BusinessEntities.Security.IssueSize/summary;DocStr10219
P:StockSharp.BusinessEntities.Security.IssueDate/summary;IssueDate
P:StockSharp.BusinessEntities.Security.UnderlyingSecurityType/summary;UnderlyingSecurityType
P:StockSharp.BusinessEntities.Security.BuyBackPrice/summary;BuyBackPrice
P:StockSharp.BusinessEntities.Security.BuyBackDate/summary;BuyBackDate
P:StockSharp.BusinessEntities.Security.BasketCode/summary;DocStr10646
P:StockSharp.BusinessEntities.Security.BasketExpression/summary;DocStr10600
P:StockSharp.BusinessEntities.Security.CommissionTaker/summary;CommissionTaker
P:StockSharp.BusinessEntities.Security.CommissionMaker/summary;CommissionMaker
M:StockSharp.BusinessEntities.Security.ToString/inheritdoc;DocStr8459
M:StockSharp.BusinessEntities.Security.Clone/summary;DocStr643
M:StockSharp.BusinessEntities.Security.Clone/returns;DocStr1116
M:StockSharp.BusinessEntities.Security.CopyTo(StockSharp.BusinessEntities.Security)/summary;DocStr2620
M:StockSharp.BusinessEntities.Security.CopyTo(StockSharp.BusinessEntities.Security)/param/destination;DocStr2621
M:StockSharp.BusinessEntities.Security.Notify(System.String)/summary;DocStr466
M:StockSharp.BusinessEntities.Security.Notify(System.String)/param/propName;DocStr2622
T:StockSharp.BusinessEntities.SecurityExternalId/summary;Str603
M:StockSharp.BusinessEntities.SecurityExternalId.#ctor/summary;DocStr1
P:StockSharp.BusinessEntities.SecurityExternalId.Sedol/summary;Str351
P:StockSharp.BusinessEntities.SecurityExternalId.Cusip/summary;Str352
P:StockSharp.BusinessEntities.SecurityExternalId.Isin/summary;Str353
P:StockSharp.BusinessEntities.SecurityExternalId.Ric/summary;Str354
P:StockSharp.BusinessEntities.SecurityExternalId.Bloomberg/summary;Str355
P:StockSharp.BusinessEntities.SecurityExternalId.IQFeed/summary;Str356
P:StockSharp.BusinessEntities.SecurityExternalId.InteractiveBrokers/summary;Str357
P:StockSharp.BusinessEntities.SecurityExternalId.Plaza/summary;Str358
M:StockSharp.BusinessEntities.SecurityExternalId.Clone/summary;DocStr643
M:StockSharp.BusinessEntities.SecurityExternalId.Clone/returns;DocStr1116
M:StockSharp.BusinessEntities.SecurityExternalId.System#ICloneable#Clone/summary;DocStr8688
M:StockSharp.BusinessEntities.SecurityExternalId.System#ICloneable#Clone/returns;DocStr8689
M:StockSharp.BusinessEntities.SecurityExternalId.ToString/summary;DocStr49
M:StockSharp.BusinessEntities.SecurityExternalId.ToString/returns;DocStr50
M:StockSharp.BusinessEntities.SecurityExternalId.GetHashCode/inheritdoc;DocStr8459
M:StockSharp.BusinessEntities.SecurityExternalId.Equals(System.Object)/summary;DocStr2634
M:StockSharp.BusinessEntities.SecurityExternalId.Equals(System.Object)/param/other;DocStr1157
M:StockSharp.BusinessEntities.SecurityExternalId.Equals(System.Object)/returns;DocStr2636
M:StockSharp.BusinessEntities.SecurityExternalId.Equals(StockSharp.BusinessEntities.SecurityExternalId)/inheritdoc;DocStr8459
M:StockSharp.BusinessEntities.SecurityExternalId.op_Inequality(StockSharp.BusinessEntities.SecurityExternalId,StockSharp.BusinessEntities.SecurityExternalId)/summary;DocStr4502
M:StockSharp.BusinessEntities.SecurityExternalId.op_Inequality(StockSharp.BusinessEntities.SecurityExternalId,StockSharp.BusinessEntities.SecurityExternalId)/param/left;LeftOperand
M:StockSharp.BusinessEntities.SecurityExternalId.op_Inequality(StockSharp.BusinessEntities.SecurityExternalId,StockSharp.BusinessEntities.SecurityExternalId)/param/right;RightOperand
M:StockSharp.BusinessEntities.SecurityExternalId.op_Inequality(StockSharp.BusinessEntities.SecurityExternalId,StockSharp.BusinessEntities.SecurityExternalId)/returns;DocStr4503
M:StockSharp.BusinessEntities.SecurityExternalId.op_Equality(StockSharp.BusinessEntities.SecurityExternalId,StockSharp.BusinessEntities.SecurityExternalId)/summary;DocStr4504
M:StockSharp.BusinessEntities.SecurityExternalId.op_Equality(StockSharp.BusinessEntities.SecurityExternalId,StockSharp.BusinessEntities.SecurityExternalId)/param/left;LeftOperand
M:StockSharp.BusinessEntities.SecurityExternalId.op_Equality(StockSharp.BusinessEntities.SecurityExternalId,StockSharp.BusinessEntities.SecurityExternalId)/param/right;RightOperand
M:StockSharp.BusinessEntities.SecurityExternalId.op_Equality(StockSharp.BusinessEntities.SecurityExternalId,StockSharp.BusinessEntities.SecurityExternalId)/returns;DocStr8444
T:StockSharp.BusinessEntities.Trade/summary;TickTrade
M:StockSharp.BusinessEntities.Trade.#ctor/summary;DocStr1
P:StockSharp.BusinessEntities.Trade.Id/summary;Str1192
P:StockSharp.BusinessEntities.Trade.StringId/summary;Str146
P:StockSharp.BusinessEntities.Trade.Security/summary;DocStr2935
P:StockSharp.BusinessEntities.Trade.Time/summary;Str605
P:StockSharp.BusinessEntities.Trade.LocalTime/summary;Str606
P:StockSharp.BusinessEntities.Trade.Volume/summary;DocStr8830
P:StockSharp.BusinessEntities.Trade.Price/summary;TradePrice
P:StockSharp.BusinessEntities.Trade.OrderDirection/summary;Str608
P:StockSharp.BusinessEntities.Trade.IsSystem/summary;IsSystemTrade
P:StockSharp.BusinessEntities.Trade.Status/summary;DocStr2936
P:StockSharp.BusinessEntities.Trade.OpenInterest/summary;Str151
P:StockSharp.BusinessEntities.Trade.IsUpTick/summary;Str158
P:StockSharp.BusinessEntities.Trade.Currency/summary;Str382
P:StockSharp.BusinessEntities.Trade.ExtensionInfo/summary;DocStr2937
P:StockSharp.BusinessEntities.Trade.ExtensionInfo/remarks;DocStr2938
M:StockSharp.BusinessEntities.Trade.Clone/summary;DocStr643
M:StockSharp.BusinessEntities.Trade.Clone/returns;DocStr1116
M:StockSharp.BusinessEntities.Trade.GetHashCode/summary;DocStr2637
M:StockSharp.BusinessEntities.Trade.GetHashCode/returns;DocStr2638
M:StockSharp.BusinessEntities.Trade.ToString/summary;DocStr49
M:StockSharp.BusinessEntities.Trade.ToString/returns;DocStr50
T:StockSharp.BusinessEntities.UnitHelper2/summary;DocStr2939
M:StockSharp.BusinessEntities.UnitHelper2.Pips(System.Int32,StockSharp.BusinessEntities.Security)/summary;DocStr2940
M:StockSharp.BusinessEntities.UnitHelper2.Pips(System.Int32,StockSharp.BusinessEntities.Security)/param/value;DocStr65
M:StockSharp.BusinessEntities.UnitHelper2.Pips(System.Int32,StockSharp.BusinessEntities.Security)/param/security;DocStr2941
M:StockSharp.BusinessEntities.UnitHelper2.Pips(System.Int32,StockSharp.BusinessEntities.Security)/returns;DocStr2942
M:StockSharp.BusinessEntities.UnitHelper2.Pips(System.Double,StockSharp.BusinessEntities.Security)/summary;DocStr2940
M:StockSharp.BusinessEntities.UnitHelper2.Pips(System.Double,StockSharp.BusinessEntities.Security)/param/value;DocStr65
M:StockSharp.BusinessEntities.UnitHelper2.Pips(System.Double,StockSharp.BusinessEntities.Security)/param/security;DocStr2941
M:StockSharp.BusinessEntities.UnitHelper2.Pips(System.Double,StockSharp.BusinessEntities.Security)/returns;DocStr2942
M:StockSharp.BusinessEntities.UnitHelper2.Pips(System.Decimal,StockSharp.BusinessEntities.Security)/summary;DocStr2940
M:StockSharp.BusinessEntities.UnitHelper2.Pips(System.Decimal,StockSharp.BusinessEntities.Security)/param/value;DocStr65
M:StockSharp.BusinessEntities.UnitHelper2.Pips(System.Decimal,StockSharp.BusinessEntities.Security)/param/security;DocStr2941
M:StockSharp.BusinessEntities.UnitHelper2.Pips(System.Decimal,StockSharp.BusinessEntities.Security)/returns;DocStr2942
M:StockSharp.BusinessEntities.UnitHelper2.Points(System.Int32,StockSharp.BusinessEntities.Security)/summary;DocStr2943
M:StockSharp.BusinessEntities.UnitHelper2.Points(System.Int32,StockSharp.BusinessEntities.Security)/param/value;DocStr65
M:StockSharp.BusinessEntities.UnitHelper2.Points(System.Int32,StockSharp.BusinessEntities.Security)/param/security;DocStr2944
M:StockSharp.BusinessEntities.UnitHelper2.Points(System.Int32,StockSharp.BusinessEntities.Security)/returns;DocStr2945
M:StockSharp.BusinessEntities.UnitHelper2.Points(System.Double,StockSharp.BusinessEntities.Security)/summary;DocStr2943
M:StockSharp.BusinessEntities.UnitHelper2.Points(System.Double,StockSharp.BusinessEntities.Security)/param/value;DocStr65
M:StockSharp.BusinessEntities.UnitHelper2.Points(System.Double,StockSharp.BusinessEntities.Security)/param/security;DocStr2944
M:StockSharp.BusinessEntities.UnitHelper2.Points(System.Double,StockSharp.BusinessEntities.Security)/returns;DocStr2945
M:StockSharp.BusinessEntities.UnitHelper2.Points(System.Decimal,StockSharp.BusinessEntities.Security)/summary;DocStr2943
M:StockSharp.BusinessEntities.UnitHelper2.Points(System.Decimal,StockSharp.BusinessEntities.Security)/param/value;DocStr65
M:StockSharp.BusinessEntities.UnitHelper2.Points(System.Decimal,StockSharp.BusinessEntities.Security)/param/security;DocStr2944
M:StockSharp.BusinessEntities.UnitHelper2.Points(System.Decimal,StockSharp.BusinessEntities.Security)/returns;DocStr2945
M:StockSharp.BusinessEntities.UnitHelper2.ToUnit2(System.String,StockSharp.BusinessEntities.Security)/summary;DocStr2946
M:StockSharp.BusinessEntities.UnitHelper2.ToUnit2(System.String,StockSharp.BusinessEntities.Security)/param/str;DocStr2947
M:StockSharp.BusinessEntities.UnitHelper2.ToUnit2(System.String,StockSharp.BusinessEntities.Security)/param/security;DocStr2948
M:StockSharp.BusinessEntities.UnitHelper2.ToUnit2(System.String,StockSharp.BusinessEntities.Security)/returns;DocStr66
M:StockSharp.BusinessEntities.UnitHelper2.Convert(StockSharp.Messages.Unit,StockSharp.Messages.UnitTypes,StockSharp.BusinessEntities.Security)/summary;DocStr2949
M:StockSharp.BusinessEntities.UnitHelper2.Convert(StockSharp.Messages.Unit,StockSharp.Messages.UnitTypes,StockSharp.BusinessEntities.Security)/param/unit;DocStr2950
M:StockSharp.BusinessEntities.UnitHelper2.Convert(StockSharp.Messages.Unit,StockSharp.Messages.UnitTypes,StockSharp.BusinessEntities.Security)/param/destinationType;DocStr2951
M:StockSharp.BusinessEntities.UnitHelper2.Convert(StockSharp.Messages.Unit,StockSharp.Messages.UnitTypes,StockSharp.BusinessEntities.Security)/param/security;DocStr2948
M:StockSharp.BusinessEntities.UnitHelper2.Convert(StockSharp.Messages.Unit,StockSharp.Messages.UnitTypes,StockSharp.BusinessEntities.Security)/returns;DocStr2952
M:StockSharp.BusinessEntities.UnitHelper2.SetSecurity(StockSharp.Messages.Unit,StockSharp.BusinessEntities.Security)/summary;DocStr2953
M:StockSharp.BusinessEntities.UnitHelper2.SetSecurity(StockSharp.Messages.Unit,StockSharp.BusinessEntities.Security)/param/unit;DocStr2954
M:StockSharp.BusinessEntities.UnitHelper2.SetSecurity(StockSharp.Messages.Unit,StockSharp.BusinessEntities.Security)/param/security;DocStr2831
M:StockSharp.BusinessEntities.UnitHelper2.SetSecurity(StockSharp.Messages.Unit,StockSharp.BusinessEntities.Security)/returns;DocStr2954
