T:StockSharp.Xaml.Diagram.SchemeTypes/summary;DocStr9197
F:StockSharp.Xaml.Diagram.SchemeTypes.Regular/summary;DocStr9198
F:StockSharp.Xaml.Diagram.SchemeTypes.Encrypted/summary;DocStr9199
F:StockSharp.Xaml.Diagram.SchemeTypes.Independent/summary;DocStr9226
T:StockSharp.Xaml.Diagram.CompositionDiagramElement/summary;XamlStr688
P:StockSharp.Xaml.Diagram.CompositionDiagramElement.TypeId/summary;DocStr7902
P:StockSharp.Xaml.Diagram.CompositionDiagramElement.IconName/summary;DocStr9214
P:StockSharp.Xaml.Diagram.CompositionDiagramElement.Parameters/summary;DocStr7905
P:StockSharp.Xaml.Diagram.CompositionDiagramElement.Category/summary;DocStr7906
P:StockSharp.Xaml.Diagram.CompositionDiagramElement.Description/summary;DocStr7907
P:StockSharp.Xaml.Diagram.CompositionDiagramElement.Revision/summary;DocStr9071
P:StockSharp.Xaml.Diagram.CompositionDiagramElement.PublishedId/summary;DocStr9530
P:StockSharp.Xaml.Diagram.CompositionDiagramElement.IsModifiable/summary;DocStr7914
P:StockSharp.Xaml.Diagram.CompositionDiagramElement.IsLoaded/summary;DocStr10762
P:StockSharp.Xaml.Diagram.CompositionDiagramElement.Type/summary;DocStr9200
P:StockSharp.Xaml.Diagram.CompositionDiagramElement.HasErrors/summary;DocStr7915
E:StockSharp.Xaml.Diagram.CompositionDiagramElement.Changed/summary;DocStr7916
E:StockSharp.Xaml.Diagram.CompositionDiagramElement.ElementAdded/summary;DocStr10010
E:StockSharp.Xaml.Diagram.CompositionDiagramElement.ElementRemoved/summary;DocStr10011
M:StockSharp.Xaml.Diagram.CompositionDiagramElement.#ctor/summary;DocStr1
M:StockSharp.Xaml.Diagram.CompositionDiagramElement.RaiseParameterValueChanged(System.String)/summary;DocStr9215
M:StockSharp.Xaml.Diagram.CompositionDiagramElement.RaiseParameterValueChanged(System.String)/param/parameterName;Str3570
M:StockSharp.Xaml.Diagram.CompositionDiagramElement.Save(Ecng.Serialization.SettingsStorage)/summary;DocStr4
M:StockSharp.Xaml.Diagram.CompositionDiagramElement.Save(Ecng.Serialization.SettingsStorage)/param/storage;DocStr3
M:StockSharp.Xaml.Diagram.CompositionDiagramElement.Load(Ecng.Serialization.SettingsStorage)/summary;DocStr2
M:StockSharp.Xaml.Diagram.CompositionDiagramElement.Load(Ecng.Serialization.SettingsStorage)/param/storage;DocStr3
M:StockSharp.Xaml.Diagram.CompositionDiagramElement.OnInit/summary;DocStr7880
M:StockSharp.Xaml.Diagram.CompositionDiagramElement.OnUnInit/summary;DocStr7885
M:StockSharp.Xaml.Diagram.CompositionDiagramElement.OnSocketConnected(StockSharp.Xaml.Diagram.DiagramSocket,StockSharp.Xaml.Diagram.DiagramSocket,System.Boolean)/summary;DocStr7888
M:StockSharp.Xaml.Diagram.CompositionDiagramElement.OnSocketConnected(StockSharp.Xaml.Diagram.DiagramSocket,StockSharp.Xaml.Diagram.DiagramSocket,System.Boolean)/param/socket;DocStr9280
M:StockSharp.Xaml.Diagram.CompositionDiagramElement.OnSocketConnected(StockSharp.Xaml.Diagram.DiagramSocket,StockSharp.Xaml.Diagram.DiagramSocket,System.Boolean)/param/source;DocStr9281
M:StockSharp.Xaml.Diagram.CompositionDiagramElement.OnSocketConnected(StockSharp.Xaml.Diagram.DiagramSocket,StockSharp.Xaml.Diagram.DiagramSocket,System.Boolean)/param/isOutput;DocStr9590
M:StockSharp.Xaml.Diagram.CompositionDiagramElement.OnSocketDisconnected(StockSharp.Xaml.Diagram.DiagramSocket,StockSharp.Xaml.Diagram.DiagramSocket,System.Boolean)/summary;DocStr7890
M:StockSharp.Xaml.Diagram.CompositionDiagramElement.OnSocketDisconnected(StockSharp.Xaml.Diagram.DiagramSocket,StockSharp.Xaml.Diagram.DiagramSocket,System.Boolean)/param/socket;DocStr9280
M:StockSharp.Xaml.Diagram.CompositionDiagramElement.OnSocketDisconnected(StockSharp.Xaml.Diagram.DiagramSocket,StockSharp.Xaml.Diagram.DiagramSocket,System.Boolean)/param/source;DocStr9281
M:StockSharp.Xaml.Diagram.CompositionDiagramElement.OnSocketDisconnected(StockSharp.Xaml.Diagram.DiagramSocket,StockSharp.Xaml.Diagram.DiagramSocket,System.Boolean)/param/isOutput;DocStr9590
M:StockSharp.Xaml.Diagram.CompositionDiagramElement.OnStart/summary;DocStr7892
M:StockSharp.Xaml.Diagram.CompositionDiagramElement.OnStop/summary;DocStr7894
M:StockSharp.Xaml.Diagram.CompositionDiagramElement.OnReseted/summary;DocStr7896
M:StockSharp.Xaml.Diagram.CompositionDiagramElement.OnProcess(StockSharp.Xaml.Diagram.DiagramSocket,StockSharp.Xaml.Diagram.DiagramSocketValue)/summary;DocStr7882
M:StockSharp.Xaml.Diagram.CompositionDiagramElement.OnProcess(StockSharp.Xaml.Diagram.DiagramSocket,StockSharp.Xaml.Diagram.DiagramSocketValue)/param/socket;DocStr8883
M:StockSharp.Xaml.Diagram.CompositionDiagramElement.OnProcess(StockSharp.Xaml.Diagram.DiagramSocket,StockSharp.Xaml.Diagram.DiagramSocketValue)/param/value;Str3099
M:StockSharp.Xaml.Diagram.CompositionDiagramElement.SuspendUndoManager/summary;DocStr10046
M:StockSharp.Xaml.Diagram.CompositionDiagramElement.ResumeUndoManager/summary;DocStr10047
M:StockSharp.Xaml.Diagram.CompositionDiagramElement.CanUndo/summary;DocStr9267
M:StockSharp.Xaml.Diagram.CompositionDiagramElement.CanUndo/returns;DocStr8659
M:StockSharp.Xaml.Diagram.CompositionDiagramElement.Undo/summary;DocStr9268
M:StockSharp.Xaml.Diagram.CompositionDiagramElement.CanRedo/summary;DocStr9267
M:StockSharp.Xaml.Diagram.CompositionDiagramElement.CanRedo/returns;DocStr8659
M:StockSharp.Xaml.Diagram.CompositionDiagramElement.Redo/summary;DocStr9269
M:StockSharp.Xaml.Diagram.CompositionDiagramElement.AddElement(StockSharp.Xaml.Diagram.DiagramElement,System.Windows.Point)/summary;DocStr9703
M:StockSharp.Xaml.Diagram.CompositionDiagramElement.AddElement(StockSharp.Xaml.Diagram.DiagramElement,System.Windows.Point)/param/element;DocStr7867
M:StockSharp.Xaml.Diagram.CompositionDiagramElement.AddElement(StockSharp.Xaml.Diagram.DiagramElement,System.Windows.Point)/param/location;DocStr9704
M:StockSharp.Xaml.Diagram.CompositionDiagramElement.RemoveElement(StockSharp.Xaml.Diagram.DiagramElement)/summary;DocStr9705
M:StockSharp.Xaml.Diagram.CompositionDiagramElement.RemoveElement(StockSharp.Xaml.Diagram.DiagramElement)/param/element;DocStr7867
M:StockSharp.Xaml.Diagram.CompositionDiagramElement.AddLink(StockSharp.Xaml.Diagram.DiagramElement,System.String,StockSharp.Xaml.Diagram.DiagramElement,System.String)/summary;DocStr9706
M:StockSharp.Xaml.Diagram.CompositionDiagramElement.AddLink(StockSharp.Xaml.Diagram.DiagramElement,System.String,StockSharp.Xaml.Diagram.DiagramElement,System.String)/param/fromElement;DocStr9707
M:StockSharp.Xaml.Diagram.CompositionDiagramElement.AddLink(StockSharp.Xaml.Diagram.DiagramElement,System.String,StockSharp.Xaml.Diagram.DiagramElement,System.String)/param/fromSocketKey;DocStr9708
M:StockSharp.Xaml.Diagram.CompositionDiagramElement.AddLink(StockSharp.Xaml.Diagram.DiagramElement,System.String,StockSharp.Xaml.Diagram.DiagramElement,System.String)/param/toElement;DocStr9709
M:StockSharp.Xaml.Diagram.CompositionDiagramElement.AddLink(StockSharp.Xaml.Diagram.DiagramElement,System.String,StockSharp.Xaml.Diagram.DiagramElement,System.String)/param/toSocketKey;DocStr9710
M:StockSharp.Xaml.Diagram.CompositionDiagramElement.AddLink(StockSharp.Xaml.Diagram.DiagramElement,StockSharp.Xaml.Diagram.DiagramSocket,StockSharp.Xaml.Diagram.DiagramElement,StockSharp.Xaml.Diagram.DiagramSocket)/summary;DocStr9706
M:StockSharp.Xaml.Diagram.CompositionDiagramElement.AddLink(StockSharp.Xaml.Diagram.DiagramElement,StockSharp.Xaml.Diagram.DiagramSocket,StockSharp.Xaml.Diagram.DiagramElement,StockSharp.Xaml.Diagram.DiagramSocket)/param/fromElement;DocStr9707
M:StockSharp.Xaml.Diagram.CompositionDiagramElement.AddLink(StockSharp.Xaml.Diagram.DiagramElement,StockSharp.Xaml.Diagram.DiagramSocket,StockSharp.Xaml.Diagram.DiagramElement,StockSharp.Xaml.Diagram.DiagramSocket)/param/fromSocket;DocStr9711
M:StockSharp.Xaml.Diagram.CompositionDiagramElement.AddLink(StockSharp.Xaml.Diagram.DiagramElement,StockSharp.Xaml.Diagram.DiagramSocket,StockSharp.Xaml.Diagram.DiagramElement,StockSharp.Xaml.Diagram.DiagramSocket)/param/toElement;DocStr9709
M:StockSharp.Xaml.Diagram.CompositionDiagramElement.AddLink(StockSharp.Xaml.Diagram.DiagramElement,StockSharp.Xaml.Diagram.DiagramSocket,StockSharp.Xaml.Diagram.DiagramElement,StockSharp.Xaml.Diagram.DiagramSocket)/param/toSocket;DocStr9712
M:StockSharp.Xaml.Diagram.CompositionDiagramElement.RemoveLink(StockSharp.Xaml.Diagram.DiagramElement,System.String,StockSharp.Xaml.Diagram.DiagramElement,System.String)/summary;DocStr9713
M:StockSharp.Xaml.Diagram.CompositionDiagramElement.RemoveLink(StockSharp.Xaml.Diagram.DiagramElement,System.String,StockSharp.Xaml.Diagram.DiagramElement,System.String)/param/fromElement;DocStr9707
M:StockSharp.Xaml.Diagram.CompositionDiagramElement.RemoveLink(StockSharp.Xaml.Diagram.DiagramElement,System.String,StockSharp.Xaml.Diagram.DiagramElement,System.String)/param/fromSocketKey;DocStr9708
M:StockSharp.Xaml.Diagram.CompositionDiagramElement.RemoveLink(StockSharp.Xaml.Diagram.DiagramElement,System.String,StockSharp.Xaml.Diagram.DiagramElement,System.String)/param/toElement;DocStr9709
M:StockSharp.Xaml.Diagram.CompositionDiagramElement.RemoveLink(StockSharp.Xaml.Diagram.DiagramElement,System.String,StockSharp.Xaml.Diagram.DiagramElement,System.String)/param/toSocketKey;DocStr9710
M:StockSharp.Xaml.Diagram.CompositionDiagramElement.RemoveLink(StockSharp.Xaml.Diagram.DiagramElement,StockSharp.Xaml.Diagram.DiagramSocket,StockSharp.Xaml.Diagram.DiagramElement,StockSharp.Xaml.Diagram.DiagramSocket)/summary;DocStr9713
M:StockSharp.Xaml.Diagram.CompositionDiagramElement.RemoveLink(StockSharp.Xaml.Diagram.DiagramElement,StockSharp.Xaml.Diagram.DiagramSocket,StockSharp.Xaml.Diagram.DiagramElement,StockSharp.Xaml.Diagram.DiagramSocket)/param/fromElement;DocStr9707
M:StockSharp.Xaml.Diagram.CompositionDiagramElement.RemoveLink(StockSharp.Xaml.Diagram.DiagramElement,StockSharp.Xaml.Diagram.DiagramSocket,StockSharp.Xaml.Diagram.DiagramElement,StockSharp.Xaml.Diagram.DiagramSocket)/param/fromSocket;DocStr9711
M:StockSharp.Xaml.Diagram.CompositionDiagramElement.RemoveLink(StockSharp.Xaml.Diagram.DiagramElement,StockSharp.Xaml.Diagram.DiagramSocket,StockSharp.Xaml.Diagram.DiagramElement,StockSharp.Xaml.Diagram.DiagramSocket)/param/toElement;DocStr9709
M:StockSharp.Xaml.Diagram.CompositionDiagramElement.RemoveLink(StockSharp.Xaml.Diagram.DiagramElement,StockSharp.Xaml.Diagram.DiagramSocket,StockSharp.Xaml.Diagram.DiagramElement,StockSharp.Xaml.Diagram.DiagramSocket)/param/toSocket;DocStr9712
M:StockSharp.Xaml.Diagram.CompositionDiagramElement.GetElements/summary;DocStr9766
M:StockSharp.Xaml.Diagram.CompositionDiagramElement.GetElements/returns;DocStr9767
M:StockSharp.Xaml.Diagram.CompositionDiagramElement.UpdateTypeId(System.Nullable{System.Guid})/summary;DocStr9227
M:StockSharp.Xaml.Diagram.CompositionDiagramElement.UpdateTypeId(System.Nullable{System.Guid})/param/id;DocStr9811
M:StockSharp.Xaml.Diagram.CompositionDiagramElement.UpdateSocketId(StockSharp.Xaml.Diagram.DiagramSocket,System.String)/summary;DocStr10048
M:StockSharp.Xaml.Diagram.CompositionDiagramElement.UpdateSocketId(StockSharp.Xaml.Diagram.DiagramSocket,System.String)/param/socket;DocStr9716
M:StockSharp.Xaml.Diagram.CompositionDiagramElement.UpdateSocketId(StockSharp.Xaml.Diagram.DiagramSocket,System.String)/param/newSocketId;DocStr10049
M:StockSharp.Xaml.Diagram.CompositionDiagramElement.Clone(System.Boolean)/summary;DocStr643
M:StockSharp.Xaml.Diagram.CompositionDiagramElement.Clone(System.Boolean)/param/cloneSockets;DocStr7899
M:StockSharp.Xaml.Diagram.CompositionDiagramElement.Clone(System.Boolean)/returns;DocStr1116
M:StockSharp.Xaml.Diagram.CompositionDiagramElement.Clone(StockSharp.Xaml.Diagram.SchemeTypes,System.Boolean)/summary;DocStr643
M:StockSharp.Xaml.Diagram.CompositionDiagramElement.Clone(StockSharp.Xaml.Diagram.SchemeTypes,System.Boolean)/param/schemeType;DocStr9200
M:StockSharp.Xaml.Diagram.CompositionDiagramElement.Clone(StockSharp.Xaml.Diagram.SchemeTypes,System.Boolean)/param/cloneSockets;DocStr7899
M:StockSharp.Xaml.Diagram.CompositionDiagramElement.Clone(StockSharp.Xaml.Diagram.SchemeTypes,System.Boolean)/returns;DocStr1116
M:StockSharp.Xaml.Diagram.CompositionDiagramElement.Contains(StockSharp.Xaml.Diagram.DiagramElement)/summary;DocStr9270
M:StockSharp.Xaml.Diagram.CompositionDiagramElement.Contains(StockSharp.Xaml.Diagram.DiagramElement)/param/element;DocStr419
M:StockSharp.Xaml.Diagram.CompositionDiagramElement.Contains(StockSharp.Xaml.Diagram.DiagramElement)/returns;DocStr8659
T:StockSharp.Xaml.Diagram.CompositionRegistry/summary;DocStr7924
P:StockSharp.Xaml.Diagram.CompositionRegistry.DiagramElements/summary;DocStr7930
M:StockSharp.Xaml.Diagram.CompositionRegistry.#ctor/summary;DocStr1
M:StockSharp.Xaml.Diagram.CompositionRegistry.Serialize(StockSharp.Xaml.Diagram.CompositionDiagramElement,System.Nullable{StockSharp.Xaml.Diagram.SchemeTypes})/summary;DocStr7928
M:StockSharp.Xaml.Diagram.CompositionRegistry.Serialize(StockSharp.Xaml.Diagram.CompositionDiagramElement,System.Nullable{StockSharp.Xaml.Diagram.SchemeTypes})/param/composition;XamlStr688
M:StockSharp.Xaml.Diagram.CompositionRegistry.Serialize(StockSharp.Xaml.Diagram.CompositionDiagramElement,System.Nullable{StockSharp.Xaml.Diagram.SchemeTypes})/param/schemeType;DocStr9200
M:StockSharp.Xaml.Diagram.CompositionRegistry.Serialize(StockSharp.Xaml.Diagram.CompositionDiagramElement,System.Nullable{StockSharp.Xaml.Diagram.SchemeTypes})/returns;DocStr3
M:StockSharp.Xaml.Diagram.CompositionRegistry.Deserialize(Ecng.Serialization.SettingsStorage)/summary;DocStr7929
M:StockSharp.Xaml.Diagram.CompositionRegistry.Deserialize(Ecng.Serialization.SettingsStorage)/param/storage;DocStr3
M:StockSharp.Xaml.Diagram.CompositionRegistry.Deserialize(Ecng.Serialization.SettingsStorage)/returns;XamlStr688
M:StockSharp.Xaml.Diagram.CompositionRegistry.Load(StockSharp.Xaml.Diagram.CompositionDiagramElement,Ecng.Serialization.SettingsStorage)/summary;DocStr8884
M:StockSharp.Xaml.Diagram.CompositionRegistry.Load(StockSharp.Xaml.Diagram.CompositionDiagramElement,Ecng.Serialization.SettingsStorage)/param/element;XamlStr688
M:StockSharp.Xaml.Diagram.CompositionRegistry.Load(StockSharp.Xaml.Diagram.CompositionDiagramElement,Ecng.Serialization.SettingsStorage)/param/storage;DocStr3
T:StockSharp.Xaml.Diagram.DebuggerSyncObject/summary;DocStr7933
P:StockSharp.Xaml.Diagram.DebuggerSyncObject.CurrentElement/summary;DocStr7942
P:StockSharp.Xaml.Diagram.DebuggerSyncObject.CurrentSocket/summary;DocStr8885
P:StockSharp.Xaml.Diagram.DebuggerSyncObject.CurrentError/summary;DocStr9228
M:StockSharp.Xaml.Diagram.DebuggerSyncObject.#ctor(StockSharp.Xaml.Diagram.CompositionDiagramElement,System.Func{StockSharp.Xaml.Diagram.DiagramSocket,System.Boolean,System.Boolean},System.Action{StockSharp.Xaml.Diagram.DebuggerSyncObject},System.Action{StockSharp.Xaml.Diagram.DebuggerSyncObject})/summary;DocStr1
M:StockSharp.Xaml.Diagram.DebuggerSyncObject.#ctor(StockSharp.Xaml.Diagram.CompositionDiagramElement,System.Func{StockSharp.Xaml.Diagram.DiagramSocket,System.Boolean,System.Boolean},System.Action{StockSharp.Xaml.Diagram.DebuggerSyncObject},System.Action{StockSharp.Xaml.Diagram.DebuggerSyncObject})/param/rootElement;DocStr9746
M:StockSharp.Xaml.Diagram.DebuggerSyncObject.#ctor(StockSharp.Xaml.Diagram.CompositionDiagramElement,System.Func{StockSharp.Xaml.Diagram.DiagramSocket,System.Boolean,System.Boolean},System.Action{StockSharp.Xaml.Diagram.DebuggerSyncObject},System.Action{StockSharp.Xaml.Diagram.DebuggerSyncObject})/param/isBreak;DocStr8886
M:StockSharp.Xaml.Diagram.DebuggerSyncObject.#ctor(StockSharp.Xaml.Diagram.CompositionDiagramElement,System.Func{StockSharp.Xaml.Diagram.DiagramSocket,System.Boolean,System.Boolean},System.Action{StockSharp.Xaml.Diagram.DebuggerSyncObject},System.Action{StockSharp.Xaml.Diagram.DebuggerSyncObject})/param/breakAction;DocStr7935
M:StockSharp.Xaml.Diagram.DebuggerSyncObject.#ctor(StockSharp.Xaml.Diagram.CompositionDiagramElement,System.Func{StockSharp.Xaml.Diagram.DiagramSocket,System.Boolean,System.Boolean},System.Action{StockSharp.Xaml.Diagram.DebuggerSyncObject},System.Action{StockSharp.Xaml.Diagram.DebuggerSyncObject})/param/errorAction;DocStr9229
P:StockSharp.Xaml.Diagram.DebuggerSyncObject.IsWaitingOnInput/summary;DocStr7943
P:StockSharp.Xaml.Diagram.DebuggerSyncObject.IsWaitingOnOutput/summary;DocStr7944
M:StockSharp.Xaml.Diagram.DebuggerSyncObject.IsBreakpointAt(StockSharp.Xaml.Diagram.DiagramSocket)/summary;DocStr7936
M:StockSharp.Xaml.Diagram.DebuggerSyncObject.IsBreakpointAt(StockSharp.Xaml.Diagram.DiagramSocket)/param/socket;DocStr8883
M:StockSharp.Xaml.Diagram.DebuggerSyncObject.IsBreakpointAt(StockSharp.Xaml.Diagram.DiagramSocket)/returns;DocStr7937
M:StockSharp.Xaml.Diagram.DebuggerSyncObject.SetWaitOnNext/summary;DocStr7938
M:StockSharp.Xaml.Diagram.DebuggerSyncObject.Continue/summary;XamlStr584
M:StockSharp.Xaml.Diagram.DebuggerSyncObject.ContinueAndWaitOnNext/summary;DocStr7940
T:StockSharp.Xaml.Diagram.DiagramDebugger/summary;DocStr7945
P:StockSharp.Xaml.Diagram.DiagramDebugger.Breakpoints/summary;DocStr8887
P:StockSharp.Xaml.Diagram.DiagramDebugger.IsWaitingOnInput/summary;DocStr7943
P:StockSharp.Xaml.Diagram.DiagramDebugger.IsWaitingOnOutput/summary;DocStr7944
P:StockSharp.Xaml.Diagram.DiagramDebugger.IsWaiting/summary;DocStr7955
P:StockSharp.Xaml.Diagram.DiagramDebugger.CanStepInto/summary;DocStr7956
P:StockSharp.Xaml.Diagram.DiagramDebugger.CanStepOut/summary;DocStr7957
P:StockSharp.Xaml.Diagram.DiagramDebugger.IsWaitingOnError/summary;DocStr9251
P:StockSharp.Xaml.Diagram.DiagramDebugger.IsEnabled/summary;DocStr7958
P:StockSharp.Xaml.Diagram.DiagramDebugger.Composition/summary;XamlStr688
E:StockSharp.Xaml.Diagram.DiagramDebugger.CompositionChanged/summary;DocStr7959
E:StockSharp.Xaml.Diagram.DiagramDebugger.Break/summary;DocStr7960
E:StockSharp.Xaml.Diagram.DiagramDebugger.Error/summary;DocStr9230
M:StockSharp.Xaml.Diagram.DiagramDebugger.#ctor(StockSharp.Xaml.Diagram.CompositionDiagramElement)/summary;DocStr1
M:StockSharp.Xaml.Diagram.DiagramDebugger.#ctor(StockSharp.Xaml.Diagram.CompositionDiagramElement)/param/composition;XamlStr688
M:StockSharp.Xaml.Diagram.DiagramDebugger.AddBreak(StockSharp.Xaml.Diagram.DiagramSocket)/summary;DocStr8888
M:StockSharp.Xaml.Diagram.DiagramDebugger.AddBreak(StockSharp.Xaml.Diagram.DiagramSocket)/param/socket;DocStr8883
M:StockSharp.Xaml.Diagram.DiagramDebugger.RemoveBreak(StockSharp.Xaml.Diagram.DiagramSocket)/summary;DocStr8889
M:StockSharp.Xaml.Diagram.DiagramDebugger.RemoveBreak(StockSharp.Xaml.Diagram.DiagramSocket)/param/socket;DocStr8883
M:StockSharp.Xaml.Diagram.DiagramDebugger.RemoveAllBreaks/summary;DocStr9744
M:StockSharp.Xaml.Diagram.DiagramDebugger.IsBreak(StockSharp.Xaml.Diagram.DiagramSocket)/summary;DocStr8890
M:StockSharp.Xaml.Diagram.DiagramDebugger.IsBreak(StockSharp.Xaml.Diagram.DiagramSocket)/param/socket;DocStr8883
M:StockSharp.Xaml.Diagram.DiagramDebugger.IsBreak(StockSharp.Xaml.Diagram.DiagramSocket)/returns;DocStr8891
M:StockSharp.Xaml.Diagram.DiagramDebugger.HasBreaks/summary;DocStr9745
M:StockSharp.Xaml.Diagram.DiagramDebugger.HasBreaks/returns;DocStr8891
M:StockSharp.Xaml.Diagram.DiagramDebugger.StepNext/summary;DocStr7950
M:StockSharp.Xaml.Diagram.DiagramDebugger.StepInto(StockSharp.Xaml.Diagram.CompositionDiagramElement)/summary;DocStr7952
M:StockSharp.Xaml.Diagram.DiagramDebugger.StepInto(StockSharp.Xaml.Diagram.CompositionDiagramElement)/param/composition;XamlStr688
M:StockSharp.Xaml.Diagram.DiagramDebugger.StepOut(StockSharp.Xaml.Diagram.CompositionDiagramElement)/summary;DocStr7953
M:StockSharp.Xaml.Diagram.DiagramDebugger.StepOut(StockSharp.Xaml.Diagram.CompositionDiagramElement)/param/composition;XamlStr688
M:StockSharp.Xaml.Diagram.DiagramDebugger.Continue/summary;XamlStr584
M:StockSharp.Xaml.Diagram.DiagramDebugger.Load(Ecng.Serialization.SettingsStorage)/summary;DocStr2
M:StockSharp.Xaml.Diagram.DiagramDebugger.Load(Ecng.Serialization.SettingsStorage)/param/storage;DocStr3
M:StockSharp.Xaml.Diagram.DiagramDebugger.Save(Ecng.Serialization.SettingsStorage)/summary;DocStr4
M:StockSharp.Xaml.Diagram.DiagramDebugger.Save(Ecng.Serialization.SettingsStorage)/param/storage;DocStr3
T:StockSharp.Xaml.Diagram.DiagramEditorControl/summary;DocStr7961
F:StockSharp.Xaml.Diagram.DiagramEditorControl.RemoveCommandProperty/summary;DocStr29
P:StockSharp.Xaml.Diagram.DiagramEditorControl.RemoveCommand/summary;DocStr9252
F:StockSharp.Xaml.Diagram.DiagramEditorControl.OpenElementCommandProperty/summary;DocStr29
P:StockSharp.Xaml.Diagram.DiagramEditorControl.OpenElementCommand/summary;DocStr9216
F:StockSharp.Xaml.Diagram.DiagramEditorControl.OpenPropertiesCommandProperty/summary;DocStr29
P:StockSharp.Xaml.Diagram.DiagramEditorControl.OpenPropertiesCommand/summary;DocStr9217
F:StockSharp.Xaml.Diagram.DiagramEditorControl.UndoCommandProperty/summary;DocStr29
P:StockSharp.Xaml.Diagram.DiagramEditorControl.UndoCommand/summary;DocStr9253
F:StockSharp.Xaml.Diagram.DiagramEditorControl.RedoCommandProperty/summary;DocStr29
P:StockSharp.Xaml.Diagram.DiagramEditorControl.RedoCommand/summary;DocStr9254
F:StockSharp.Xaml.Diagram.DiagramEditorControl.CompositionProperty/summary;DocStr29
P:StockSharp.Xaml.Diagram.DiagramEditorControl.Composition/summary;XamlStr688
F:StockSharp.Xaml.Diagram.DiagramEditorControl.ShowOverviewProperty/summary;DocStr29
P:StockSharp.Xaml.Diagram.DiagramEditorControl.ShowOverview/summary;DocStr7964
F:StockSharp.Xaml.Diagram.DiagramEditorControl.ScaleProperty/summary;DocStr29
P:StockSharp.Xaml.Diagram.DiagramEditorControl.Scale/summary;Str2053
E:StockSharp.Xaml.Diagram.DiagramEditorControl.SelectionChanged/summary;DocStr7965
E:StockSharp.Xaml.Diagram.DiagramEditorControl.ElementDoubleClicked/summary;DocStr7966
P:StockSharp.Xaml.Diagram.DiagramEditorControl.SelectedElements/summary;SelectedElements
P:StockSharp.Xaml.Diagram.DiagramEditorControl.SelectedElement/summary;SelectedElement
P:StockSharp.Xaml.Diagram.DiagramEditorControl.IndicatorTypes/summary;DocStr7740
M:StockSharp.Xaml.Diagram.DiagramEditorControl.#ctor/summary;DocStr1
M:StockSharp.Xaml.Diagram.DiagramEditorControl.GetSelectionCopyElement/summary;DocStr7962
M:StockSharp.Xaml.Diagram.DiagramEditorControl.GetSelectionCopyElement/returns;XamlStr688
M:StockSharp.Xaml.Diagram.DiagramEditorControl.Load(Ecng.Serialization.SettingsStorage)/summary;DocStr2
M:StockSharp.Xaml.Diagram.DiagramEditorControl.Load(Ecng.Serialization.SettingsStorage)/param/storage;DocStr3
M:StockSharp.Xaml.Diagram.DiagramEditorControl.Save(Ecng.Serialization.SettingsStorage)/summary;DocStr4
M:StockSharp.Xaml.Diagram.DiagramEditorControl.Save(Ecng.Serialization.SettingsStorage)/param/storage;DocStr3
M:StockSharp.Xaml.Diagram.DiagramEditorControl.SaveToImage(System.IO.Stream)/summary;DocStr7963
M:StockSharp.Xaml.Diagram.DiagramEditorControl.SaveToImage(System.IO.Stream)/param/file;DocStr8892
M:StockSharp.Xaml.Diagram.DiagramEditorControl.InitializeComponent/summary;DocStr8
T:StockSharp.Xaml.Diagram.DiagramElement/summary;DocStr7867
P:StockSharp.Xaml.Diagram.DiagramElement.TypeId/summary;DocStr7902
P:StockSharp.Xaml.Diagram.DiagramElement.InputSockets/summary;DocStr7903
P:StockSharp.Xaml.Diagram.DiagramElement.OutputSockets/summary;DocStr7904
P:StockSharp.Xaml.Diagram.DiagramElement.SelectedInputSocket/summary;DocStr8893
P:StockSharp.Xaml.Diagram.DiagramElement.SelectedOutputSocket/summary;DocStr8894
P:StockSharp.Xaml.Diagram.DiagramElement.SelectedSocket/summary;DocStr8895
P:StockSharp.Xaml.Diagram.DiagramElement.Parameters/summary;DocStr7905
P:StockSharp.Xaml.Diagram.DiagramElement.Category/summary;DocStr7906
P:StockSharp.Xaml.Diagram.DiagramElement.CanAutoName/summary;UseAutoNaming
P:StockSharp.Xaml.Diagram.DiagramElement.Name/summary;Name2
P:StockSharp.Xaml.Diagram.DiagramElement.Description/summary;DocStr7907
P:StockSharp.Xaml.Diagram.DiagramElement.LogLevel/summary;DocStr1679
P:StockSharp.Xaml.Diagram.DiagramElement.ShowParameters/summary;Str3054
P:StockSharp.Xaml.Diagram.DiagramElement.ShowSockets/summary;ShowSockets
P:StockSharp.Xaml.Diagram.DiagramElement.ProcessNullValues/summary;ProcessNullValues
P:StockSharp.Xaml.Diagram.DiagramElement.Icon/summary;DocStr7908
P:StockSharp.Xaml.Diagram.DiagramElement.IconName/summary;DocStr9214
P:StockSharp.Xaml.Diagram.DiagramElement.Strategy/summary;DocStr7909
P:StockSharp.Xaml.Diagram.DiagramElement.DebuggerSyncObject/summary;DocStr7910
E:StockSharp.Xaml.Diagram.DiagramElement.ProcessOutput/summary;DocStr3788
E:StockSharp.Xaml.Diagram.DiagramElement.SocketAdded/summary;DocStr8896
E:StockSharp.Xaml.Diagram.DiagramElement.SocketRemoved/summary;DocStr8897
E:StockSharp.Xaml.Diagram.DiagramElement.SocketChanged/summary;DocStr9296
M:StockSharp.Xaml.Diagram.DiagramElement.#ctor/summary;DocStr1
M:StockSharp.Xaml.Diagram.DiagramElement.SetElementName(System.String)/summary;DocStr9837
M:StockSharp.Xaml.Diagram.DiagramElement.SetElementName(System.String)/param/name;Name2
M:StockSharp.Xaml.Diagram.DiagramElement.AddParam``1(System.String,``0)/summary;DocStr7868
M:StockSharp.Xaml.Diagram.DiagramElement.AddParam``1(System.String,``0)/typeparam/T;ParameterType
M:StockSharp.Xaml.Diagram.DiagramElement.AddParam``1(System.String,``0)/param/name;Name2
M:StockSharp.Xaml.Diagram.DiagramElement.AddParam``1(System.String,``0)/param/value;Str3099
M:StockSharp.Xaml.Diagram.DiagramElement.AddParam``1(System.String,``0)/returns;Parameter
M:StockSharp.Xaml.Diagram.DiagramElement.AddParam(StockSharp.Xaml.Diagram.IDiagramElementParam)/summary;DocStr7868
M:StockSharp.Xaml.Diagram.DiagramElement.AddParam(StockSharp.Xaml.Diagram.IDiagramElementParam)/param/param;Parameter
M:StockSharp.Xaml.Diagram.DiagramElement.RemoveParam(StockSharp.Xaml.Diagram.IDiagramElementParam)/summary;DocStr7869
M:StockSharp.Xaml.Diagram.DiagramElement.RemoveParam(StockSharp.Xaml.Diagram.IDiagramElementParam)/param/param;Parameter
M:StockSharp.Xaml.Diagram.DiagramElement.GetSocketByUniqueKey(System.String)/summary;DocStr9714
M:StockSharp.Xaml.Diagram.DiagramElement.GetSocketByUniqueKey(System.String)/param/key;DocStr5982
M:StockSharp.Xaml.Diagram.DiagramElement.GetSocketByUniqueKey(System.String)/returns;DocStr9716
M:StockSharp.Xaml.Diagram.DiagramElement.AddInput(System.String,System.String,StockSharp.Xaml.Diagram.DiagramSocketType,System.Action{StockSharp.Xaml.Diagram.DiagramSocketValue},System.Int32,System.Int32,System.String,System.Boolean)/summary;DocStr7870
M:StockSharp.Xaml.Diagram.DiagramElement.AddInput(System.String,System.String,StockSharp.Xaml.Diagram.DiagramSocketType,System.Action{StockSharp.Xaml.Diagram.DiagramSocketValue},System.Int32,System.Int32,System.String,System.Boolean)/param/uniqueKey;DocStr5982
M:StockSharp.Xaml.Diagram.DiagramElement.AddInput(System.String,System.String,StockSharp.Xaml.Diagram.DiagramSocketType,System.Action{StockSharp.Xaml.Diagram.DiagramSocketValue},System.Int32,System.Int32,System.String,System.Boolean)/param/name;DocStr8320
M:StockSharp.Xaml.Diagram.DiagramElement.AddInput(System.String,System.String,StockSharp.Xaml.Diagram.DiagramSocketType,System.Action{StockSharp.Xaml.Diagram.DiagramSocketValue},System.Int32,System.Int32,System.String,System.Boolean)/param/type;Str3412
M:StockSharp.Xaml.Diagram.DiagramElement.AddInput(System.String,System.String,StockSharp.Xaml.Diagram.DiagramSocketType,System.Action{StockSharp.Xaml.Diagram.DiagramSocketValue},System.Int32,System.Int32,System.String,System.Boolean)/param/linkableMax;DocStr7872
M:StockSharp.Xaml.Diagram.DiagramElement.AddInput(System.String,System.String,StockSharp.Xaml.Diagram.DiagramSocketType,System.Action{StockSharp.Xaml.Diagram.DiagramSocketValue},System.Int32,System.Int32,System.String,System.Boolean)/param/process;DocStr8898
M:StockSharp.Xaml.Diagram.DiagramElement.AddInput(System.String,System.String,StockSharp.Xaml.Diagram.DiagramSocketType,System.Action{StockSharp.Xaml.Diagram.DiagramSocketValue},System.Int32,System.Int32,System.String,System.Boolean)/param/index;DocStr9284
M:StockSharp.Xaml.Diagram.DiagramElement.AddInput(System.String,System.String,StockSharp.Xaml.Diagram.DiagramSocketType,System.Action{StockSharp.Xaml.Diagram.DiagramSocketValue},System.Int32,System.Int32,System.String,System.Boolean)/param/socketId;DocStr7873
M:StockSharp.Xaml.Diagram.DiagramElement.AddInput(System.String,System.String,StockSharp.Xaml.Diagram.DiagramSocketType,System.Action{StockSharp.Xaml.Diagram.DiagramSocketValue},System.Int32,System.Int32,System.String,System.Boolean)/param/allowConvertToNumeric;DocStr10090
M:StockSharp.Xaml.Diagram.DiagramElement.AddInput(System.String,System.String,StockSharp.Xaml.Diagram.DiagramSocketType,System.Action{StockSharp.Xaml.Diagram.DiagramSocketValue},System.Int32,System.Int32,System.String,System.Boolean)/returns;Str3143
M:StockSharp.Xaml.Diagram.DiagramElement.AddOutput(System.String,System.String,StockSharp.Xaml.Diagram.DiagramSocketType,System.Int32,System.Int32,System.String)/summary;DocStr7874
M:StockSharp.Xaml.Diagram.DiagramElement.AddOutput(System.String,System.String,StockSharp.Xaml.Diagram.DiagramSocketType,System.Int32,System.Int32,System.String)/param/uniqueKey;DocStr5982
M:StockSharp.Xaml.Diagram.DiagramElement.AddOutput(System.String,System.String,StockSharp.Xaml.Diagram.DiagramSocketType,System.Int32,System.Int32,System.String)/param/name;DocStr8320
M:StockSharp.Xaml.Diagram.DiagramElement.AddOutput(System.String,System.String,StockSharp.Xaml.Diagram.DiagramSocketType,System.Int32,System.Int32,System.String)/param/type;Str3412
M:StockSharp.Xaml.Diagram.DiagramElement.AddOutput(System.String,System.String,StockSharp.Xaml.Diagram.DiagramSocketType,System.Int32,System.Int32,System.String)/param/linkableMax;DocStr7872
M:StockSharp.Xaml.Diagram.DiagramElement.AddOutput(System.String,System.String,StockSharp.Xaml.Diagram.DiagramSocketType,System.Int32,System.Int32,System.String)/param/index;DocStr9284
M:StockSharp.Xaml.Diagram.DiagramElement.AddOutput(System.String,System.String,StockSharp.Xaml.Diagram.DiagramSocketType,System.Int32,System.Int32,System.String)/param/socketId;DocStr7873
M:StockSharp.Xaml.Diagram.DiagramElement.AddOutput(System.String,System.String,StockSharp.Xaml.Diagram.DiagramSocketType,System.Int32,System.Int32,System.String)/returns;Str3143
M:StockSharp.Xaml.Diagram.DiagramElement.AddSocket(StockSharp.Xaml.Diagram.DiagramSocket,System.Int32)/summary;DocStr7875
M:StockSharp.Xaml.Diagram.DiagramElement.AddSocket(StockSharp.Xaml.Diagram.DiagramSocket,System.Int32)/param/socket;Str3143
M:StockSharp.Xaml.Diagram.DiagramElement.AddSocket(StockSharp.Xaml.Diagram.DiagramSocket,System.Int32)/param/index;DocStr9284
M:StockSharp.Xaml.Diagram.DiagramElement.RemoveSocket(StockSharp.Xaml.Diagram.DiagramSocket)/summary;DocStr7876
M:StockSharp.Xaml.Diagram.DiagramElement.RemoveSocket(StockSharp.Xaml.Diagram.DiagramSocket)/param/socket;Str3143
M:StockSharp.Xaml.Diagram.DiagramElement.RemoveSockets(System.Boolean)/summary;DocStr7877
M:StockSharp.Xaml.Diagram.DiagramElement.RemoveSockets(System.Boolean)/param/raiseSocketRemoved;DocStr9006
M:StockSharp.Xaml.Diagram.DiagramElement.GetSocket(StockSharp.Xaml.Diagram.DiagramSocket)/summary;DocStr9429
M:StockSharp.Xaml.Diagram.DiagramElement.GetSocket(StockSharp.Xaml.Diagram.DiagramSocket)/param/socket;DocStr9430
M:StockSharp.Xaml.Diagram.DiagramElement.GetSocket(StockSharp.Xaml.Diagram.DiagramSocket)/returns;Str3143
M:StockSharp.Xaml.Diagram.DiagramElement.GetSourceElements(StockSharp.Xaml.Diagram.DiagramSocket)/summary;DocStr9218
M:StockSharp.Xaml.Diagram.DiagramElement.GetSourceElements(StockSharp.Xaml.Diagram.DiagramSocket)/param/socket;Str3143
M:StockSharp.Xaml.Diagram.DiagramElement.GetSourceElements(StockSharp.Xaml.Diagram.DiagramSocket)/returns;DocStr9219
M:StockSharp.Xaml.Diagram.DiagramElement.OnSocketConnected(StockSharp.Xaml.Diagram.DiagramSocket,StockSharp.Xaml.Diagram.DiagramSocket,System.Boolean)/summary;DocStr7888
M:StockSharp.Xaml.Diagram.DiagramElement.OnSocketConnected(StockSharp.Xaml.Diagram.DiagramSocket,StockSharp.Xaml.Diagram.DiagramSocket,System.Boolean)/param/socket;DocStr9280
M:StockSharp.Xaml.Diagram.DiagramElement.OnSocketConnected(StockSharp.Xaml.Diagram.DiagramSocket,StockSharp.Xaml.Diagram.DiagramSocket,System.Boolean)/param/source;DocStr9281
M:StockSharp.Xaml.Diagram.DiagramElement.OnSocketConnected(StockSharp.Xaml.Diagram.DiagramSocket,StockSharp.Xaml.Diagram.DiagramSocket,System.Boolean)/param/isOutput;DocStr9590
M:StockSharp.Xaml.Diagram.DiagramElement.OnSocketDisconnected(StockSharp.Xaml.Diagram.DiagramSocket,StockSharp.Xaml.Diagram.DiagramSocket,System.Boolean)/summary;DocStr7890
M:StockSharp.Xaml.Diagram.DiagramElement.OnSocketDisconnected(StockSharp.Xaml.Diagram.DiagramSocket,StockSharp.Xaml.Diagram.DiagramSocket,System.Boolean)/param/socket;DocStr9280
M:StockSharp.Xaml.Diagram.DiagramElement.OnSocketDisconnected(StockSharp.Xaml.Diagram.DiagramSocket,StockSharp.Xaml.Diagram.DiagramSocket,System.Boolean)/param/source;DocStr9281
M:StockSharp.Xaml.Diagram.DiagramElement.OnSocketDisconnected(StockSharp.Xaml.Diagram.DiagramSocket,StockSharp.Xaml.Diagram.DiagramSocket,System.Boolean)/param/isOutput;DocStr9590
M:StockSharp.Xaml.Diagram.DiagramElement.RaiseSocketChanged(StockSharp.Xaml.Diagram.DiagramSocket)/summary;DocStr466
M:StockSharp.Xaml.Diagram.DiagramElement.RaiseSocketChanged(StockSharp.Xaml.Diagram.DiagramSocket)/param/socket;DocStr8883
M:StockSharp.Xaml.Diagram.DiagramElement.RaiseProcessOutput(StockSharp.Xaml.Diagram.DiagramSocketValue)/summary;DocStr466
M:StockSharp.Xaml.Diagram.DiagramElement.RaiseProcessOutput(StockSharp.Xaml.Diagram.DiagramSocketValue)/param/value;DocStr9431
M:StockSharp.Xaml.Diagram.DiagramElement.RaiseProcessOutput(StockSharp.Xaml.Diagram.DiagramSocket,System.DateTimeOffset,System.Object)/summary;DocStr466
M:StockSharp.Xaml.Diagram.DiagramElement.RaiseProcessOutput(StockSharp.Xaml.Diagram.DiagramSocket,System.DateTimeOffset,System.Object)/param/outputSocket;DocStr9432
M:StockSharp.Xaml.Diagram.DiagramElement.RaiseProcessOutput(StockSharp.Xaml.Diagram.DiagramSocket,System.DateTimeOffset,System.Object)/param/time;Time
M:StockSharp.Xaml.Diagram.DiagramElement.RaiseProcessOutput(StockSharp.Xaml.Diagram.DiagramSocket,System.DateTimeOffset,System.Object)/param/value;Str3099
M:StockSharp.Xaml.Diagram.DiagramElement.RaiseProcessOutput(StockSharp.Xaml.Diagram.DiagramSocket,System.Object)/summary;DocStr466
M:StockSharp.Xaml.Diagram.DiagramElement.RaiseProcessOutput(StockSharp.Xaml.Diagram.DiagramSocket,System.Object)/param/outputSocket;DocStr9432
M:StockSharp.Xaml.Diagram.DiagramElement.RaiseProcessOutput(StockSharp.Xaml.Diagram.DiagramSocket,System.Object)/param/value;Str3099
M:StockSharp.Xaml.Diagram.DiagramElement.RaiseProcessOutput(System.DateTimeOffset,System.Object)/summary;DocStr466
M:StockSharp.Xaml.Diagram.DiagramElement.RaiseProcessOutput(System.DateTimeOffset,System.Object)/param/time;Time
M:StockSharp.Xaml.Diagram.DiagramElement.RaiseProcessOutput(System.DateTimeOffset,System.Object)/param/value;Str3099
M:StockSharp.Xaml.Diagram.DiagramElement.RaiseProcessOutput(System.Object)/summary;DocStr466
M:StockSharp.Xaml.Diagram.DiagramElement.RaiseProcessOutput(System.Object)/param/value;Str3099
M:StockSharp.Xaml.Diagram.DiagramElement.Init(StockSharp.Xaml.Diagram.DiagramStrategy)/summary;DocStr7879
M:StockSharp.Xaml.Diagram.DiagramElement.Init(StockSharp.Xaml.Diagram.DiagramStrategy)/param/strategy;Strategy
M:StockSharp.Xaml.Diagram.DiagramElement.OnInit/summary;DocStr7880
M:StockSharp.Xaml.Diagram.DiagramElement.Process(StockSharp.Xaml.Diagram.DiagramSocketValue)/summary;DocStr7881
M:StockSharp.Xaml.Diagram.DiagramElement.Process(StockSharp.Xaml.Diagram.DiagramSocketValue)/param/value;Str3099
M:StockSharp.Xaml.Diagram.DiagramElement.OnProcess(StockSharp.Xaml.Diagram.DiagramSocket,StockSharp.Xaml.Diagram.DiagramSocketValue)/summary;DocStr7882
M:StockSharp.Xaml.Diagram.DiagramElement.OnProcess(StockSharp.Xaml.Diagram.DiagramSocket,StockSharp.Xaml.Diagram.DiagramSocketValue)/param/socket;DocStr8883
M:StockSharp.Xaml.Diagram.DiagramElement.OnProcess(StockSharp.Xaml.Diagram.DiagramSocket,StockSharp.Xaml.Diagram.DiagramSocketValue)/param/value;Str3099
M:StockSharp.Xaml.Diagram.DiagramElement.UnInit/summary;DocStr7884
M:StockSharp.Xaml.Diagram.DiagramElement.OnUnInit/summary;DocStr7885
M:StockSharp.Xaml.Diagram.DiagramElement.Start/summary;DocStr7891
M:StockSharp.Xaml.Diagram.DiagramElement.OnStart/summary;DocStr7892
M:StockSharp.Xaml.Diagram.DiagramElement.Stop/summary;DocStr7893
M:StockSharp.Xaml.Diagram.DiagramElement.OnStop/summary;DocStr7894
M:StockSharp.Xaml.Diagram.DiagramElement.Reset/summary;DocStr7895
M:StockSharp.Xaml.Diagram.DiagramElement.OnReseted/summary;DocStr7896
E:StockSharp.Xaml.Diagram.DiagramElement.PropertyChanging/summary;DocStr9256
M:StockSharp.Xaml.Diagram.DiagramElement.RaisePropertyChanging(System.String)/summary;DocStr9257
M:StockSharp.Xaml.Diagram.DiagramElement.RaisePropertyChanging(System.String)/param/propertyName;DocStr2622
M:StockSharp.Xaml.Diagram.DiagramElement.RaisePropertyChanging(System.Object,System.ComponentModel.PropertyChangingEventArgs)/summary;DocStr9257
M:StockSharp.Xaml.Diagram.DiagramElement.RaisePropertyChanging(System.Object,System.ComponentModel.PropertyChangingEventArgs)/param/sender;Str1664
M:StockSharp.Xaml.Diagram.DiagramElement.RaisePropertyChanging(System.Object,System.ComponentModel.PropertyChangingEventArgs)/param/args;DocStr6849
E:StockSharp.Xaml.Diagram.DiagramElement.PropertyChanged/summary;DocStr7912
M:StockSharp.Xaml.Diagram.DiagramElement.RaisePropertyChanged(System.String)/summary;DocStr9257
M:StockSharp.Xaml.Diagram.DiagramElement.RaisePropertyChanged(System.String)/param/propertyName;DocStr2622
M:StockSharp.Xaml.Diagram.DiagramElement.RaisePropertyChanged(System.Object,System.ComponentModel.PropertyChangedEventArgs)/summary;DocStr9257
M:StockSharp.Xaml.Diagram.DiagramElement.RaisePropertyChanged(System.Object,System.ComponentModel.PropertyChangedEventArgs)/param/sender;Str1664
M:StockSharp.Xaml.Diagram.DiagramElement.RaisePropertyChanged(System.Object,System.ComponentModel.PropertyChangedEventArgs)/param/args;DocStr6849
E:StockSharp.Xaml.Diagram.DiagramElement.ParameterValueChanged/summary;DocStr9220
M:StockSharp.Xaml.Diagram.DiagramElement.RaiseParameterValueChanged(System.String)/summary;DocStr9257
M:StockSharp.Xaml.Diagram.DiagramElement.RaiseParameterValueChanged(System.String)/param/parameterName;Str3570
M:StockSharp.Xaml.Diagram.DiagramElement.Clone(System.Boolean)/summary;DocStr643
M:StockSharp.Xaml.Diagram.DiagramElement.Clone(System.Boolean)/param/cloneSockets;DocStr7899
M:StockSharp.Xaml.Diagram.DiagramElement.Clone(System.Boolean)/returns;DocStr1116
M:StockSharp.Xaml.Diagram.DiagramElement.Save(Ecng.Serialization.SettingsStorage)/summary;DocStr4
M:StockSharp.Xaml.Diagram.DiagramElement.Save(Ecng.Serialization.SettingsStorage)/param/storage;DocStr3
M:StockSharp.Xaml.Diagram.DiagramElement.Load(Ecng.Serialization.SettingsStorage)/summary;DocStr2
M:StockSharp.Xaml.Diagram.DiagramElement.Load(Ecng.Serialization.SettingsStorage)/param/storage;DocStr3
E:StockSharp.Xaml.Diagram.DiagramElement.PropertiesChanged/summary;DocStr7913
M:StockSharp.Xaml.Diagram.DiagramElement.RaisePropertiesChanged/summary;DocStr9257
T:StockSharp.Xaml.Diagram.IDiagramElementParam/summary;DocStr7917
P:StockSharp.Xaml.Diagram.IDiagramElementParam.Name/summary;Str3570
P:StockSharp.Xaml.Diagram.IDiagramElementParam.DisplayName/summary;DocStr7918
P:StockSharp.Xaml.Diagram.IDiagramElementParam.Description/summary;DocStr1488
P:StockSharp.Xaml.Diagram.IDiagramElementParam.Category/summary;XamlStr233
P:StockSharp.Xaml.Diagram.IDiagramElementParam.Type/summary;ParameterType
P:StockSharp.Xaml.Diagram.IDiagramElementParam.Attributes/summary;DocStr5038
P:StockSharp.Xaml.Diagram.IDiagramElementParam.Value/summary;DocStr1861
P:StockSharp.Xaml.Diagram.IDiagramElementParam.IsDefault/summary;DocStr7919
P:StockSharp.Xaml.Diagram.IDiagramElementParam.IsParam/summary;DocStr7922
P:StockSharp.Xaml.Diagram.IDiagramElementParam.IgnoreOnSave/summary;DocStr7923
M:StockSharp.Xaml.Diagram.IDiagramElementParam.SetValueWithIgnoreOnSave(System.Object)/summary;DocStr10153
M:StockSharp.Xaml.Diagram.IDiagramElementParam.SetValueWithIgnoreOnSave(System.Object)/param/value;Str3099
T:StockSharp.Xaml.Diagram.DiagramElementParam`1/summary;DocStr7917
T:StockSharp.Xaml.Diagram.DiagramElementParam`1/typeparam/T;DocStr1145
E:StockSharp.Xaml.Diagram.DiagramElementParam`1.ValueChanging/summary;DocStr7971
E:StockSharp.Xaml.Diagram.DiagramElementParam`1.ValueChanged/summary;DocStr7972
P:StockSharp.Xaml.Diagram.DiagramElementParam`1.Name/summary;Str3570
P:StockSharp.Xaml.Diagram.DiagramElementParam`1.DisplayName/summary;DocStr7918
P:StockSharp.Xaml.Diagram.DiagramElementParam`1.Description/summary;DocStr1488
P:StockSharp.Xaml.Diagram.DiagramElementParam`1.Category/summary;XamlStr233
P:StockSharp.Xaml.Diagram.DiagramElementParam`1.Type/summary;ParameterType
P:StockSharp.Xaml.Diagram.DiagramElementParam`1.CanChangeValue/summary;DocStr9838
P:StockSharp.Xaml.Diagram.DiagramElementParam`1.Attributes/summary;DocStr5038
P:StockSharp.Xaml.Diagram.DiagramElementParam`1.Value/summary;DocStr1861
P:StockSharp.Xaml.Diagram.DiagramElementParam`1.IsDefault/summary;DocStr7919
P:StockSharp.Xaml.Diagram.DiagramElementParam`1.IsParam/summary;DocStr7922
P:StockSharp.Xaml.Diagram.DiagramElementParam`1.IgnoreOnSave/summary;DocStr7923
M:StockSharp.Xaml.Diagram.DiagramElementParam`1.SetValueWithIgnoreOnSave(System.Object)/inheritdoc;DocStr8459
P:StockSharp.Xaml.Diagram.DiagramElementParam`1.NotifyOnChanged/summary;DocStr9290
P:StockSharp.Xaml.Diagram.DiagramElementParam`1.SaveHandler/summary;DocStr7973
P:StockSharp.Xaml.Diagram.DiagramElementParam`1.LoadHandler/summary;DocStr7974
M:StockSharp.Xaml.Diagram.DiagramElementParam`1.Load(Ecng.Serialization.SettingsStorage)/summary;DocStr2
M:StockSharp.Xaml.Diagram.DiagramElementParam`1.Load(Ecng.Serialization.SettingsStorage)/param/storage;DocStr3
M:StockSharp.Xaml.Diagram.DiagramElementParam`1.Save(Ecng.Serialization.SettingsStorage)/summary;DocStr4
M:StockSharp.Xaml.Diagram.DiagramElementParam`1.Save(Ecng.Serialization.SettingsStorage)/param/storage;DocStr3
M:StockSharp.Xaml.Diagram.DiagramElementParam`1.ToString/summary;DocStr49
M:StockSharp.Xaml.Diagram.DiagramElementParam`1.ToString/returns;DocStr50
T:StockSharp.Xaml.Diagram.DiagramElementParameters/summary;Str3057
M:StockSharp.Xaml.Diagram.DiagramElementParameters.#ctor(StockSharp.Xaml.Diagram.DiagramElement)/summary;DocStr1
M:StockSharp.Xaml.Diagram.DiagramElementParameters.#ctor(StockSharp.Xaml.Diagram.DiagramElement)/param/element;DocStr7867
T:StockSharp.Xaml.Diagram.DiagramElementParamHelper/summary;DocStr2939
M:StockSharp.Xaml.Diagram.DiagramElementParamHelper.SetExpandable``1(StockSharp.Xaml.Diagram.DiagramElementParam{``0})/summary;DocStr7976
M:StockSharp.Xaml.Diagram.DiagramElementParamHelper.SetExpandable``1(StockSharp.Xaml.Diagram.DiagramElementParam{``0})/typeparam/T;DocStr7977
M:StockSharp.Xaml.Diagram.DiagramElementParamHelper.SetExpandable``1(StockSharp.Xaml.Diagram.DiagramElementParam{``0})/param/param;DocStr7917
M:StockSharp.Xaml.Diagram.DiagramElementParamHelper.SetExpandable``1(StockSharp.Xaml.Diagram.DiagramElementParam{``0})/returns;DocStr7917
M:StockSharp.Xaml.Diagram.DiagramElementParamHelper.SetEditor``1(StockSharp.Xaml.Diagram.DiagramElementParam{``0},System.Attribute)/summary;DocStr7978
M:StockSharp.Xaml.Diagram.DiagramElementParamHelper.SetEditor``1(StockSharp.Xaml.Diagram.DiagramElementParam{``0},System.Attribute)/typeparam/T;DocStr7977
M:StockSharp.Xaml.Diagram.DiagramElementParamHelper.SetEditor``1(StockSharp.Xaml.Diagram.DiagramElementParam{``0},System.Attribute)/param/param;DocStr7917
M:StockSharp.Xaml.Diagram.DiagramElementParamHelper.SetEditor``1(StockSharp.Xaml.Diagram.DiagramElementParam{``0},System.Attribute)/param/editor;DocStr7979
M:StockSharp.Xaml.Diagram.DiagramElementParamHelper.SetEditor``1(StockSharp.Xaml.Diagram.DiagramElementParam{``0},System.Attribute)/returns;DocStr7917
M:StockSharp.Xaml.Diagram.DiagramElementParamHelper.SetDisplay``1(StockSharp.Xaml.Diagram.DiagramElementParam{``0},System.String,System.String,System.String,System.Int32)/summary;DocStr7976
M:StockSharp.Xaml.Diagram.DiagramElementParamHelper.SetDisplay``1(StockSharp.Xaml.Diagram.DiagramElementParam{``0},System.String,System.String,System.String,System.Int32)/typeparam/T;DocStr7977
M:StockSharp.Xaml.Diagram.DiagramElementParamHelper.SetDisplay``1(StockSharp.Xaml.Diagram.DiagramElementParam{``0},System.String,System.String,System.String,System.Int32)/param/param;DocStr7917
M:StockSharp.Xaml.Diagram.DiagramElementParamHelper.SetDisplay``1(StockSharp.Xaml.Diagram.DiagramElementParam{``0},System.String,System.String,System.String,System.Int32)/param/groupName;DocStr7986
M:StockSharp.Xaml.Diagram.DiagramElementParamHelper.SetDisplay``1(StockSharp.Xaml.Diagram.DiagramElementParam{``0},System.String,System.String,System.String,System.Int32)/param/displayName;DocStr7982
M:StockSharp.Xaml.Diagram.DiagramElementParamHelper.SetDisplay``1(StockSharp.Xaml.Diagram.DiagramElementParam{``0},System.String,System.String,System.String,System.Int32)/param/description;DocStr7984
M:StockSharp.Xaml.Diagram.DiagramElementParamHelper.SetDisplay``1(StockSharp.Xaml.Diagram.DiagramElementParam{``0},System.String,System.String,System.String,System.Int32)/param/order;DocStr7980
M:StockSharp.Xaml.Diagram.DiagramElementParamHelper.SetDisplay``1(StockSharp.Xaml.Diagram.DiagramElementParam{``0},System.String,System.String,System.String,System.Int32)/returns;DocStr7917
M:StockSharp.Xaml.Diagram.DiagramElementParamHelper.SetReadOnly``1(StockSharp.Xaml.Diagram.DiagramElementParam{``0},System.Boolean)/summary;DocStr7976
M:StockSharp.Xaml.Diagram.DiagramElementParamHelper.SetReadOnly``1(StockSharp.Xaml.Diagram.DiagramElementParam{``0},System.Boolean)/typeparam/T;DocStr7977
M:StockSharp.Xaml.Diagram.DiagramElementParamHelper.SetReadOnly``1(StockSharp.Xaml.Diagram.DiagramElementParam{``0},System.Boolean)/param/param;DocStr7917
M:StockSharp.Xaml.Diagram.DiagramElementParamHelper.SetReadOnly``1(StockSharp.Xaml.Diagram.DiagramElementParam{``0},System.Boolean)/param/readOnly;DocStr7987
M:StockSharp.Xaml.Diagram.DiagramElementParamHelper.SetReadOnly``1(StockSharp.Xaml.Diagram.DiagramElementParam{``0},System.Boolean)/returns;DocStr7917
M:StockSharp.Xaml.Diagram.DiagramElementParamHelper.SetBrowsable``1(StockSharp.Xaml.Diagram.DiagramElementParam{``0},System.Boolean)/summary;DocStr7976
M:StockSharp.Xaml.Diagram.DiagramElementParamHelper.SetBrowsable``1(StockSharp.Xaml.Diagram.DiagramElementParam{``0},System.Boolean)/typeparam/T;DocStr7977
M:StockSharp.Xaml.Diagram.DiagramElementParamHelper.SetBrowsable``1(StockSharp.Xaml.Diagram.DiagramElementParam{``0},System.Boolean)/param/param;DocStr7917
M:StockSharp.Xaml.Diagram.DiagramElementParamHelper.SetBrowsable``1(StockSharp.Xaml.Diagram.DiagramElementParam{``0},System.Boolean)/param/browsable;DocStr7988
M:StockSharp.Xaml.Diagram.DiagramElementParamHelper.SetBrowsable``1(StockSharp.Xaml.Diagram.DiagramElementParam{``0},System.Boolean)/returns;DocStr7917
M:StockSharp.Xaml.Diagram.DiagramElementParamHelper.SetOnValueChangingHandler``1(StockSharp.Xaml.Diagram.DiagramElementParam{``0},System.Action{``0,``0})/summary;DocStr7989
M:StockSharp.Xaml.Diagram.DiagramElementParamHelper.SetOnValueChangingHandler``1(StockSharp.Xaml.Diagram.DiagramElementParam{``0},System.Action{``0,``0})/typeparam/T;DocStr7977
M:StockSharp.Xaml.Diagram.DiagramElementParamHelper.SetOnValueChangingHandler``1(StockSharp.Xaml.Diagram.DiagramElementParam{``0},System.Action{``0,``0})/param/param;DocStr7917
M:StockSharp.Xaml.Diagram.DiagramElementParamHelper.SetOnValueChangingHandler``1(StockSharp.Xaml.Diagram.DiagramElementParam{``0},System.Action{``0,``0})/param/handler;DocStr1849
M:StockSharp.Xaml.Diagram.DiagramElementParamHelper.SetOnValueChangingHandler``1(StockSharp.Xaml.Diagram.DiagramElementParam{``0},System.Action{``0,``0})/returns;DocStr7917
M:StockSharp.Xaml.Diagram.DiagramElementParamHelper.SetOnValueChangedHandler``1(StockSharp.Xaml.Diagram.DiagramElementParam{``0},System.Action{``0})/summary;DocStr7990
M:StockSharp.Xaml.Diagram.DiagramElementParamHelper.SetOnValueChangedHandler``1(StockSharp.Xaml.Diagram.DiagramElementParam{``0},System.Action{``0})/typeparam/T;DocStr7977
M:StockSharp.Xaml.Diagram.DiagramElementParamHelper.SetOnValueChangedHandler``1(StockSharp.Xaml.Diagram.DiagramElementParam{``0},System.Action{``0})/param/param;DocStr7917
M:StockSharp.Xaml.Diagram.DiagramElementParamHelper.SetOnValueChangedHandler``1(StockSharp.Xaml.Diagram.DiagramElementParam{``0},System.Action{``0})/param/handler;DocStr7991
M:StockSharp.Xaml.Diagram.DiagramElementParamHelper.SetOnValueChangedHandler``1(StockSharp.Xaml.Diagram.DiagramElementParam{``0},System.Action{``0})/returns;DocStr7917
M:StockSharp.Xaml.Diagram.DiagramElementParamHelper.SetSaveLoadHandlers``1(StockSharp.Xaml.Diagram.DiagramElementParam{``0},System.Func{``0,Ecng.Serialization.SettingsStorage},System.Func{Ecng.Serialization.SettingsStorage,``0})/summary;DocStr7992
M:StockSharp.Xaml.Diagram.DiagramElementParamHelper.SetSaveLoadHandlers``1(StockSharp.Xaml.Diagram.DiagramElementParam{``0},System.Func{``0,Ecng.Serialization.SettingsStorage},System.Func{Ecng.Serialization.SettingsStorage,``0})/typeparam/T;DocStr7977
M:StockSharp.Xaml.Diagram.DiagramElementParamHelper.SetSaveLoadHandlers``1(StockSharp.Xaml.Diagram.DiagramElementParam{``0},System.Func{``0,Ecng.Serialization.SettingsStorage},System.Func{Ecng.Serialization.SettingsStorage,``0})/param/param;DocStr7917
M:StockSharp.Xaml.Diagram.DiagramElementParamHelper.SetSaveLoadHandlers``1(StockSharp.Xaml.Diagram.DiagramElementParam{``0},System.Func{``0,Ecng.Serialization.SettingsStorage},System.Func{Ecng.Serialization.SettingsStorage,``0})/param/save;DocStr7993
M:StockSharp.Xaml.Diagram.DiagramElementParamHelper.SetSaveLoadHandlers``1(StockSharp.Xaml.Diagram.DiagramElementParam{``0},System.Func{``0,Ecng.Serialization.SettingsStorage},System.Func{Ecng.Serialization.SettingsStorage,``0})/param/load;DocStr7994
M:StockSharp.Xaml.Diagram.DiagramElementParamHelper.SetSaveLoadHandlers``1(StockSharp.Xaml.Diagram.DiagramElementParam{``0},System.Func{``0,Ecng.Serialization.SettingsStorage},System.Func{Ecng.Serialization.SettingsStorage,``0})/returns;DocStr7917
M:StockSharp.Xaml.Diagram.DiagramElementParamHelper.SetColorSaveLoadHandlers(StockSharp.Xaml.Diagram.DiagramElementParam{System.Windows.Media.Color})/summary;DocStr7995
M:StockSharp.Xaml.Diagram.DiagramElementParamHelper.SetColorSaveLoadHandlers(StockSharp.Xaml.Diagram.DiagramElementParam{System.Windows.Media.Color})/param/param;DocStr7917
M:StockSharp.Xaml.Diagram.DiagramElementParamHelper.SetColorSaveLoadHandlers(StockSharp.Xaml.Diagram.DiagramElementParam{System.Windows.Media.Color})/returns;DocStr7917
M:StockSharp.Xaml.Diagram.DiagramElementParamHelper.SetIsParam``1(StockSharp.Xaml.Diagram.DiagramElementParam{``0})/summary;DocStr7997
M:StockSharp.Xaml.Diagram.DiagramElementParamHelper.SetIsParam``1(StockSharp.Xaml.Diagram.DiagramElementParam{``0})/typeparam/T;DocStr7977
M:StockSharp.Xaml.Diagram.DiagramElementParamHelper.SetIsParam``1(StockSharp.Xaml.Diagram.DiagramElementParam{``0})/param/param;DocStr7917
M:StockSharp.Xaml.Diagram.DiagramElementParamHelper.SetIsParam``1(StockSharp.Xaml.Diagram.DiagramElementParam{``0})/returns;DocStr7917
M:StockSharp.Xaml.Diagram.DiagramElementParamHelper.RemoveAttribute``2(StockSharp.Xaml.Diagram.DiagramElementParam{``0})/summary;DocStr7998
M:StockSharp.Xaml.Diagram.DiagramElementParamHelper.RemoveAttribute``2(StockSharp.Xaml.Diagram.DiagramElementParam{``0})/typeparam/T;DocStr7977
M:StockSharp.Xaml.Diagram.DiagramElementParamHelper.RemoveAttribute``2(StockSharp.Xaml.Diagram.DiagramElementParam{``0})/typeparam/TParam;DocStr7999
M:StockSharp.Xaml.Diagram.DiagramElementParamHelper.RemoveAttribute``2(StockSharp.Xaml.Diagram.DiagramElementParam{``0})/param/param;DocStr7917
M:StockSharp.Xaml.Diagram.DiagramElementParamHelper.SetNotifyOnChange``1(StockSharp.Xaml.Diagram.DiagramElementParam{``0},System.Boolean)/summary;DocStr9294
M:StockSharp.Xaml.Diagram.DiagramElementParamHelper.SetNotifyOnChange``1(StockSharp.Xaml.Diagram.DiagramElementParam{``0},System.Boolean)/typeparam/T;DocStr7977
M:StockSharp.Xaml.Diagram.DiagramElementParamHelper.SetNotifyOnChange``1(StockSharp.Xaml.Diagram.DiagramElementParam{``0},System.Boolean)/param/param;DocStr7917
M:StockSharp.Xaml.Diagram.DiagramElementParamHelper.SetNotifyOnChange``1(StockSharp.Xaml.Diagram.DiagramElementParam{``0},System.Boolean)/param/value;Str3099
M:StockSharp.Xaml.Diagram.DiagramElementParamHelper.SetNotifyOnChange``1(StockSharp.Xaml.Diagram.DiagramElementParam{``0},System.Boolean)/returns;DocStr7917
T:StockSharp.Xaml.Diagram.PaletteTreeItem/summary;DocStr10180
P:StockSharp.Xaml.Diagram.PaletteTreeItem.Id/summary;Str361
P:StockSharp.Xaml.Diagram.PaletteTreeItem.ParentId/summary;DocStr10182
P:StockSharp.Xaml.Diagram.PaletteTreeItem.Name/summary;Name2
P:StockSharp.Xaml.Diagram.PaletteTreeItem.Element/summary;DocStr7867
P:StockSharp.Xaml.Diagram.PaletteTreeItem.IsExpanded/summary;DocStr10184
P:StockSharp.Xaml.Diagram.PaletteTreeItem.Icon/summary;DocStr7908
E:StockSharp.Xaml.Diagram.PaletteTreeItem.ParentChanged/summary;DocStr10185
E:StockSharp.Xaml.Diagram.PaletteTreeItem.Changed/summary;DocStr10186
M:StockSharp.Xaml.Diagram.PaletteTreeItem.Load(Ecng.Serialization.SettingsStorage)/summary;DocStr2
M:StockSharp.Xaml.Diagram.PaletteTreeItem.Load(Ecng.Serialization.SettingsStorage)/param/storage;DocStr3
M:StockSharp.Xaml.Diagram.PaletteTreeItem.Save(Ecng.Serialization.SettingsStorage)/summary;DocStr4
M:StockSharp.Xaml.Diagram.PaletteTreeItem.Save(Ecng.Serialization.SettingsStorage)/param/storage;DocStr3
E:StockSharp.Xaml.Diagram.PaletteTreeItem.PropertyChanged/summary;DocStr7975
M:StockSharp.Xaml.Diagram.PaletteTreeItem.ToString/summary;DocStr49
M:StockSharp.Xaml.Diagram.PaletteTreeItem.ToString/returns;DocStr50
T:StockSharp.Xaml.Diagram.DiagramPaletteControl/summary;DocStr8000
P:StockSharp.Xaml.Diagram.DiagramPaletteControl.AddCommand/summary;DocStr8459
P:StockSharp.Xaml.Diagram.DiagramPaletteControl.RemoveCommand/summary;DocStr8459
P:StockSharp.Xaml.Diagram.DiagramPaletteControl.Items/summary;DocStr8001
P:StockSharp.Xaml.Diagram.DiagramPaletteControl.PaletteElement/summary;DocStr8002
E:StockSharp.Xaml.Diagram.DiagramPaletteControl.PaletteElementDoubleClicked/summary;DocStr8004
M:StockSharp.Xaml.Diagram.DiagramPaletteControl.#ctor/summary;DocStr1
M:StockSharp.Xaml.Diagram.DiagramPaletteControl.InitializeComponent/summary;DocStr8
T:StockSharp.Xaml.Diagram.DiagramSocketDirection/summary;DocStr8005
F:StockSharp.Xaml.Diagram.DiagramSocketDirection.In/summary;DocStr8006
F:StockSharp.Xaml.Diagram.DiagramSocketDirection.Out/summary;DocStr8007
T:StockSharp.Xaml.Diagram.DiagramSocketUniqueKeys/summary;DocStr9718
P:StockSharp.Xaml.Diagram.DiagramSocketUniqueKeys.Trigger/summary;Trigger
P:StockSharp.Xaml.Diagram.DiagramSocketUniqueKeys.Flag/summary;Flag
P:StockSharp.Xaml.Diagram.DiagramSocketUniqueKeys.Price/summary;Price
P:StockSharp.Xaml.Diagram.DiagramSocketUniqueKeys.Volume/summary;DocStr3526
P:StockSharp.Xaml.Diagram.DiagramSocketUniqueKeys.Security/summary;DocStr2831
P:StockSharp.Xaml.Diagram.DiagramSocketUniqueKeys.Candles/summary;XamlStr631
P:StockSharp.Xaml.Diagram.DiagramSocketUniqueKeys.MarketDepth/summary;MarketDepth
P:StockSharp.Xaml.Diagram.DiagramSocketUniqueKeys.Order/summary;Str504
P:StockSharp.Xaml.Diagram.DiagramSocketUniqueKeys.OrderFail/summary;XamlStr182
P:StockSharp.Xaml.Diagram.DiagramSocketUniqueKeys.MyTrade/summary;OwnTrade
P:StockSharp.Xaml.Diagram.DiagramSocketUniqueKeys.Trade/summary;Str506
P:StockSharp.Xaml.Diagram.DiagramSocketUniqueKeys.Trades/summary;Str985
P:StockSharp.Xaml.Diagram.DiagramSocketUniqueKeys.FirstOperand/summary;DocStr9720
P:StockSharp.Xaml.Diagram.DiagramSocketUniqueKeys.SecondOperand/summary;DocStr9721
P:StockSharp.Xaml.Diagram.DiagramSocketUniqueKeys.Input/summary;Input
P:StockSharp.Xaml.Diagram.DiagramSocketUniqueKeys.SecondInput/summary;DocStr9723
P:StockSharp.Xaml.Diagram.DiagramSocketUniqueKeys.Output/summary;Output
P:StockSharp.Xaml.Diagram.DiagramSocketUniqueKeys.MaxDeviation/summary;Str2268
P:StockSharp.Xaml.Diagram.DiagramSocketUniqueKeys.Options/summary;Options
P:StockSharp.Xaml.Diagram.DiagramSocketUniqueKeys.Position/summary;Str862
P:StockSharp.Xaml.Diagram.DiagramSocketUniqueKeys.Portfolio/summary;Portfolio
P:StockSharp.Xaml.Diagram.DiagramSocketUniqueKeys.UnderlyingAsset/summary;UnderlyingAsset
P:StockSharp.Xaml.Diagram.DiagramSocketUniqueKeys.PnLUnreal/summary;Str258
P:StockSharp.Xaml.Diagram.DiagramSocketUniqueKeys.PnLRealized/summary;Str259
P:StockSharp.Xaml.Diagram.DiagramSocketUniqueKeys.Commission/summary;XamlStr249
P:StockSharp.Xaml.Diagram.DiagramSocketUniqueKeys.Side/summary;Side
T:StockSharp.Xaml.Diagram.DiagramSocket/summary;Str3143
P:StockSharp.Xaml.Diagram.DiagramSocket.Id/summary;DocStr7873
P:StockSharp.Xaml.Diagram.DiagramSocket.UniqueKey/summary;DocStr5982
P:StockSharp.Xaml.Diagram.DiagramSocket.Name/summary;DocStr8320
P:StockSharp.Xaml.Diagram.DiagramSocket.Type/summary;Str3412
P:StockSharp.Xaml.Diagram.DiagramSocket.Directon/summary;DocStr8016
P:StockSharp.Xaml.Diagram.DiagramSocket.LinkableMaximum/summary;DocStr7872
P:StockSharp.Xaml.Diagram.DiagramSocket.Value/summary;DocStr1409
P:StockSharp.Xaml.Diagram.DiagramSocket.Parent/summary;DocStr8901
P:StockSharp.Xaml.Diagram.DiagramSocket.IsBreak/summary;DocStr8902
P:StockSharp.Xaml.Diagram.DiagramSocket.IsBreakActive/summary;DocStr8903
P:StockSharp.Xaml.Diagram.DiagramSocket.AvailableTypes/summary;DocStr10062
E:StockSharp.Xaml.Diagram.DiagramSocket.Connected/summary;DocStr8017
E:StockSharp.Xaml.Diagram.DiagramSocket.Disconnected/summary;DocStr8018
E:StockSharp.Xaml.Diagram.DiagramSocket.SocketIdChanged/summary;DocStr9768
M:StockSharp.Xaml.Diagram.DiagramSocket.#ctor/summary;DocStr1
E:StockSharp.Xaml.Diagram.DiagramSocket.PropertyChanged/summary;DocStr7975
M:StockSharp.Xaml.Diagram.DiagramSocket.OnPropertyChanged(System.String)/summary;DocStr7970
M:StockSharp.Xaml.Diagram.DiagramSocket.OnPropertyChanged(System.String)/param/propertyName;DocStr2622
M:StockSharp.Xaml.Diagram.DiagramSocket.Clone/summary;DocStr643
M:StockSharp.Xaml.Diagram.DiagramSocket.Clone/returns;DocStr1116
M:StockSharp.Xaml.Diagram.DiagramSocket.ToString/summary;DocStr49
M:StockSharp.Xaml.Diagram.DiagramSocket.ToString/returns;DocStr50
T:StockSharp.Xaml.Diagram.DiagramSocketBreakpoint/summary;DocStr10001
P:StockSharp.Xaml.Diagram.DiagramSocketBreakpoint.Socket/summary;DocStr9716
M:StockSharp.Xaml.Diagram.DiagramSocketBreakpoint.#ctor(StockSharp.Xaml.Diagram.DiagramSocket)/summary;DocStr93
M:StockSharp.Xaml.Diagram.DiagramSocketBreakpoint.#ctor(StockSharp.Xaml.Diagram.DiagramSocket)/param/socket;DocStr9716
M:StockSharp.Xaml.Diagram.DiagramSocketBreakpoint.NeedBreak/summary;DocStr10007
M:StockSharp.Xaml.Diagram.DiagramSocketBreakpoint.NeedBreak/returns;DocStr8659
M:StockSharp.Xaml.Diagram.DiagramSocketBreakpoint.OnNeedBreak(System.Object)/summary;DocStr10007
M:StockSharp.Xaml.Diagram.DiagramSocketBreakpoint.OnNeedBreak(System.Object)/param/value;Str254
M:StockSharp.Xaml.Diagram.DiagramSocketBreakpoint.OnNeedBreak(System.Object)/returns;DocStr8659
M:StockSharp.Xaml.Diagram.DiagramSocketBreakpoint.Load(Ecng.Serialization.SettingsStorage)/summary;DocStr2
M:StockSharp.Xaml.Diagram.DiagramSocketBreakpoint.Load(Ecng.Serialization.SettingsStorage)/param/storage;DocStr3
M:StockSharp.Xaml.Diagram.DiagramSocketBreakpoint.Save(Ecng.Serialization.SettingsStorage)/summary;DocStr4
M:StockSharp.Xaml.Diagram.DiagramSocketBreakpoint.Save(Ecng.Serialization.SettingsStorage)/param/storage;DocStr3
T:StockSharp.Xaml.Diagram.DiagramSocketListBox/summary;DocStr8019
F:StockSharp.Xaml.Diagram.DiagramSocketListBox.CanSelectProperty/summary;DocStr29
P:StockSharp.Xaml.Diagram.DiagramSocketListBox.CanSelect/summary;DocStr8904
M:StockSharp.Xaml.Diagram.DiagramSocketListBox.GetContainerForItemOverride/summary;DocStr8020
M:StockSharp.Xaml.Diagram.DiagramSocketListBox.GetContainerForItemOverride/returns;DocStr8021
T:StockSharp.Xaml.Diagram.DiagramSocketListBoxItem/summary;DocStr8022
M:StockSharp.Xaml.Diagram.DiagramSocketListBoxItem.OnMouseLeftButtonDown(System.Windows.Input.MouseButtonEventArgs)/summary;DocStr8023
M:StockSharp.Xaml.Diagram.DiagramSocketListBoxItem.OnMouseLeftButtonDown(System.Windows.Input.MouseButtonEventArgs)/param/e;DocStr8024
T:StockSharp.Xaml.Diagram.DiagramSocketType/summary;Str3412
P:StockSharp.Xaml.Diagram.DiagramSocketType.Name/summary;DocStr8025
P:StockSharp.Xaml.Diagram.DiagramSocketType.Type/summary;Str3412
P:StockSharp.Xaml.Diagram.DiagramSocketType.Color/summary;DocStr8026
M:StockSharp.Xaml.Diagram.DiagramSocketType.#ctor/summary;DocStr1
M:StockSharp.Xaml.Diagram.DiagramSocketType.#ctor(System.Type,System.String,System.Windows.Media.Color)/summary;DocStr1
M:StockSharp.Xaml.Diagram.DiagramSocketType.#ctor(System.Type,System.String,System.Windows.Media.Color)/param/type;Str2133
M:StockSharp.Xaml.Diagram.DiagramSocketType.#ctor(System.Type,System.String,System.Windows.Media.Color)/param/name;DocStr8025
M:StockSharp.Xaml.Diagram.DiagramSocketType.#ctor(System.Type,System.String,System.Windows.Media.Color)/param/color;DocStr8026
P:StockSharp.Xaml.Diagram.DiagramSocketType.AllTypes/summary;DocStr8034
M:StockSharp.Xaml.Diagram.DiagramSocketType.RegisterType``1(System.String,System.Windows.Media.Color)/summary;DocStr8027
M:StockSharp.Xaml.Diagram.DiagramSocketType.RegisterType``1(System.String,System.Windows.Media.Color)/typeparam/T;Str2133
M:StockSharp.Xaml.Diagram.DiagramSocketType.RegisterType``1(System.String,System.Windows.Media.Color)/param/name;DocStr8025
M:StockSharp.Xaml.Diagram.DiagramSocketType.RegisterType``1(System.String,System.Windows.Media.Color)/param/color;DocStr8026
M:StockSharp.Xaml.Diagram.DiagramSocketType.RegisterType``1(System.String,System.Windows.Media.Color)/returns;Str3412
E:StockSharp.Xaml.Diagram.DiagramSocketType.PropertyChanged/summary;DocStr7975
M:StockSharp.Xaml.Diagram.DiagramSocketType.OnPropertyChanged(System.String)/summary;DocStr7970
M:StockSharp.Xaml.Diagram.DiagramSocketType.OnPropertyChanged(System.String)/param/propertyName;DocStr2622
M:StockSharp.Xaml.Diagram.DiagramSocketType.Clone/summary;DocStr643
M:StockSharp.Xaml.Diagram.DiagramSocketType.Clone/returns;DocStr1116
M:StockSharp.Xaml.Diagram.DiagramSocketType.OnEquals(StockSharp.Xaml.Diagram.DiagramSocketType)/summary;DocStr2634
M:StockSharp.Xaml.Diagram.DiagramSocketType.OnEquals(StockSharp.Xaml.Diagram.DiagramSocketType)/param/other;DocStr1157
M:StockSharp.Xaml.Diagram.DiagramSocketType.OnEquals(StockSharp.Xaml.Diagram.DiagramSocketType)/returns;DocStr2636
M:StockSharp.Xaml.Diagram.DiagramSocketType.Load(Ecng.Serialization.SettingsStorage)/summary;DocStr2
M:StockSharp.Xaml.Diagram.DiagramSocketType.Load(Ecng.Serialization.SettingsStorage)/param/storage;DocStr3
M:StockSharp.Xaml.Diagram.DiagramSocketType.Save(Ecng.Serialization.SettingsStorage)/summary;DocStr4
M:StockSharp.Xaml.Diagram.DiagramSocketType.Save(Ecng.Serialization.SettingsStorage)/param/storage;DocStr3
M:StockSharp.Xaml.Diagram.DiagramSocketType.ToString/summary;DocStr49
M:StockSharp.Xaml.Diagram.DiagramSocketType.ToString/returns;DocStr50
F:StockSharp.Xaml.Diagram.DiagramSocketType.Any/summary;DocStr8032
F:StockSharp.Xaml.Diagram.DiagramSocketType.Security/summary;DocStr2831
F:StockSharp.Xaml.Diagram.DiagramSocketType.MarketDepth/summary;MarketDepth
F:StockSharp.Xaml.Diagram.DiagramSocketType.Quote/summary;Str273
F:StockSharp.Xaml.Diagram.DiagramSocketType.Candle/summary;DocStr491
F:StockSharp.Xaml.Diagram.DiagramSocketType.IndicatorValue/summary;IndicatorValue
F:StockSharp.Xaml.Diagram.DiagramSocketType.Order/summary;Str504
F:StockSharp.Xaml.Diagram.DiagramSocketType.OrderFail/summary;XamlStr182
F:StockSharp.Xaml.Diagram.DiagramSocketType.MyTrade/summary;OwnTrade
F:StockSharp.Xaml.Diagram.DiagramSocketType.Bool/summary;Flag
F:StockSharp.Xaml.Diagram.DiagramSocketType.Unit/summary;NumericValue
F:StockSharp.Xaml.Diagram.DiagramSocketType.Comparable/summary;DocStr8033
F:StockSharp.Xaml.Diagram.DiagramSocketType.Portfolio/summary;Portfolio
F:StockSharp.Xaml.Diagram.DiagramSocketType.Options/summary;Options
F:StockSharp.Xaml.Diagram.DiagramSocketType.Side/summary;Side
F:StockSharp.Xaml.Diagram.DiagramSocketType.CandleStates/summary;CandleState
M:StockSharp.Xaml.Diagram.DiagramSocketType.GetSocketType(System.Type)/summary;DocStr9344
M:StockSharp.Xaml.Diagram.DiagramSocketType.GetSocketType(System.Type)/param/parameterType;Str1963
M:StockSharp.Xaml.Diagram.DiagramSocketType.GetSocketType(System.Type)/returns;DocStr9345
T:StockSharp.Xaml.Diagram.DiagramSocketValue/summary;DocStr8035
P:StockSharp.Xaml.Diagram.DiagramSocketValue.Sender/summary;DocStr8036
P:StockSharp.Xaml.Diagram.DiagramSocketValue.Socket/summary;Str3143
P:StockSharp.Xaml.Diagram.DiagramSocketValue.Time/summary;Time
P:StockSharp.Xaml.Diagram.DiagramSocketValue.Value/summary;Str3099
M:StockSharp.Xaml.Diagram.DiagramSocketValue.#ctor(StockSharp.Xaml.Diagram.DiagramSocket,System.DateTimeOffset,System.Object)/summary;DocStr1
M:StockSharp.Xaml.Diagram.DiagramSocketValue.#ctor(StockSharp.Xaml.Diagram.DiagramSocket,System.DateTimeOffset,System.Object)/param/socket;Str3143
M:StockSharp.Xaml.Diagram.DiagramSocketValue.#ctor(StockSharp.Xaml.Diagram.DiagramSocket,System.DateTimeOffset,System.Object)/param/time;Time
M:StockSharp.Xaml.Diagram.DiagramSocketValue.#ctor(StockSharp.Xaml.Diagram.DiagramSocket,System.DateTimeOffset,System.Object)/param/value;Str3099
M:StockSharp.Xaml.Diagram.DiagramSocketValue.#ctor(StockSharp.Xaml.Diagram.DiagramSocket,StockSharp.Xaml.Diagram.DiagramSocketValue)/summary;DocStr1
M:StockSharp.Xaml.Diagram.DiagramSocketValue.#ctor(StockSharp.Xaml.Diagram.DiagramSocket,StockSharp.Xaml.Diagram.DiagramSocketValue)/param/socket;Str3143
M:StockSharp.Xaml.Diagram.DiagramSocketValue.#ctor(StockSharp.Xaml.Diagram.DiagramSocket,StockSharp.Xaml.Diagram.DiagramSocketValue)/param/value;Str3099
M:StockSharp.Xaml.Diagram.DiagramSocketValue.GetValue``1/summary;DocStr8010
M:StockSharp.Xaml.Diagram.DiagramSocketValue.GetValue``1/typeparam/T;DocStr1145
M:StockSharp.Xaml.Diagram.DiagramSocketValue.GetValue``1/returns;Str3099
M:StockSharp.Xaml.Diagram.DiagramSocketValue.ToString/summary;DocStr49
M:StockSharp.Xaml.Diagram.DiagramSocketValue.ToString/returns;DocStr50
T:StockSharp.Xaml.Diagram.DiagramStrategy/summary;DocStr8037
P:StockSharp.Xaml.Diagram.DiagramStrategy.Composition/summary;DocStr8041
P:StockSharp.Xaml.Diagram.DiagramStrategy.UseStrategyParameterValues/summary;DocStr9149
P:StockSharp.Xaml.Diagram.DiagramStrategy.RiskRules/summary;DocStr9677
E:StockSharp.Xaml.Diagram.DiagramStrategy.CompositionChanged/summary;DocStr8042
M:StockSharp.Xaml.Diagram.DiagramStrategy.#ctor/summary;DocStr1
M:StockSharp.Xaml.Diagram.DiagramStrategy.OnStarted/summary;DocStr282
M:StockSharp.Xaml.Diagram.DiagramStrategy.OnStopped/summary;DocStr322
M:StockSharp.Xaml.Diagram.DiagramStrategy.OnReseted/summary;DocStr1657
M:StockSharp.Xaml.Diagram.DiagramStrategy.Save(Ecng.Serialization.SettingsStorage)/summary;DocStr4
M:StockSharp.Xaml.Diagram.DiagramStrategy.Save(Ecng.Serialization.SettingsStorage)/param/storage;DocStr3
M:StockSharp.Xaml.Diagram.DiagramStrategy.Load(Ecng.Serialization.SettingsStorage)/summary;DocStr2
M:StockSharp.Xaml.Diagram.DiagramStrategy.Load(Ecng.Serialization.SettingsStorage)/param/storage;DocStr3
M:StockSharp.Xaml.Diagram.DiagramStrategy.Clone/summary;DocStr643
M:StockSharp.Xaml.Diagram.DiagramStrategy.Clone/returns;DocStr1116
M:StockSharp.Xaml.Diagram.DiagramStrategy.NeedShowProperty(System.ComponentModel.PropertyDescriptor)/summary;DocStr8038
M:StockSharp.Xaml.Diagram.DiagramStrategy.NeedShowProperty(System.ComponentModel.PropertyDescriptor)/param/propertyDescriptor;DocStr8039
M:StockSharp.Xaml.Diagram.DiagramStrategy.NeedShowProperty(System.ComponentModel.PropertyDescriptor)/returns;DocStr8040
E:StockSharp.Xaml.Diagram.DiagramStrategy.PropertiesChanged/summary;DocStr7913
M:StockSharp.Xaml.Diagram.DiagramStrategy.RaisePropertiesChanged/summary;DocStr7901
T:StockSharp.Xaml.Diagram.Elements.MarketDepthTruncateDiagramElement/summary;TruncatedBookDesc
P:StockSharp.Xaml.Diagram.Elements.MarketDepthTruncateDiagramElement.TypeId/summary;DocStr7902
P:StockSharp.Xaml.Diagram.Elements.MarketDepthTruncateDiagramElement.IconName/summary;DocStr9214
P:StockSharp.Xaml.Diagram.Elements.MarketDepthTruncateDiagramElement.MaxDepth/summary;DocStr10529
M:StockSharp.Xaml.Diagram.Elements.MarketDepthTruncateDiagramElement.#ctor/summary;DocStr1
T:StockSharp.Xaml.Diagram.Elements.BlackScholesGreeks/summary;DocStr9271
F:StockSharp.Xaml.Diagram.Elements.BlackScholesGreeks.Delta/summary;Delta
F:StockSharp.Xaml.Diagram.Elements.BlackScholesGreeks.Gamma/summary;Gamma
F:StockSharp.Xaml.Diagram.Elements.BlackScholesGreeks.Vega/summary;Vega
F:StockSharp.Xaml.Diagram.Elements.BlackScholesGreeks.Theta/summary;Theta
F:StockSharp.Xaml.Diagram.Elements.BlackScholesGreeks.Rho/summary;Rho
T:StockSharp.Xaml.Diagram.Elements.OptionsBlackScholesDiagramElement/summary;OptionsBlackScholesDiagramElement
P:StockSharp.Xaml.Diagram.Elements.OptionsBlackScholesDiagramElement.TypeId/summary;DocStr7902
P:StockSharp.Xaml.Diagram.Elements.OptionsBlackScholesDiagramElement.IconName/summary;DocStr9214
P:StockSharp.Xaml.Diagram.Elements.OptionsBlackScholesDiagramElement.UseBlackModel/summary;DocStr8222
P:StockSharp.Xaml.Diagram.Elements.OptionsBlackScholesDiagramElement.ValueType/summary;DocStr1145
M:StockSharp.Xaml.Diagram.Elements.OptionsBlackScholesDiagramElement.#ctor/summary;DocStr1
T:StockSharp.Xaml.Diagram.Elements.OptionsHedgeDiagramElement/summary;OptionsHedgeDiagramElement
P:StockSharp.Xaml.Diagram.Elements.OptionsHedgeDiagramElement.TypeId/summary;DocStr7902
P:StockSharp.Xaml.Diagram.Elements.OptionsHedgeDiagramElement.IconName/summary;DocStr9214
P:StockSharp.Xaml.Diagram.Elements.OptionsHedgeDiagramElement.HedgeType/summary;DocStr9726
M:StockSharp.Xaml.Diagram.Elements.OptionsHedgeDiagramElement.#ctor/summary;DocStr1
M:StockSharp.Xaml.Diagram.Elements.OptionsHedgeDiagramElement.OnStart/summary;DocStr7892
M:StockSharp.Xaml.Diagram.Elements.OptionsHedgeDiagramElement.OnStop/summary;DocStr7894
T:StockSharp.Xaml.Diagram.Elements.OptionsQuotingTypes/summary;DocStr9286
F:StockSharp.Xaml.Diagram.Elements.OptionsQuotingTypes.Volalitity/summary;DocStr410
F:StockSharp.Xaml.Diagram.Elements.OptionsQuotingTypes.TheorPrice/summary;DocStr408
T:StockSharp.Xaml.Diagram.Elements.OptionsQuotingDiagramElement/summary;OptionsQuotingDiagramElement
P:StockSharp.Xaml.Diagram.Elements.OptionsQuotingDiagramElement.TypeId/summary;DocStr7902
P:StockSharp.Xaml.Diagram.Elements.OptionsQuotingDiagramElement.IconName/summary;DocStr9214
P:StockSharp.Xaml.Diagram.Elements.OptionsQuotingDiagramElement.QuotingType/summary;DocStr9727
P:StockSharp.Xaml.Diagram.Elements.OptionsQuotingDiagramElement.QuotingSide/summary;DocStr304
P:StockSharp.Xaml.Diagram.Elements.OptionsQuotingDiagramElement.Min/summary;Min
P:StockSharp.Xaml.Diagram.Elements.OptionsQuotingDiagramElement.Max/summary;XamlStr292
M:StockSharp.Xaml.Diagram.Elements.OptionsQuotingDiagramElement.#ctor/summary;DocStr1
M:StockSharp.Xaml.Diagram.Elements.OptionsQuotingDiagramElement.OnStart/summary;DocStr7892
M:StockSharp.Xaml.Diagram.Elements.OptionsQuotingDiagramElement.OnStop/summary;DocStr7894
T:StockSharp.Xaml.Diagram.Elements.OptionsStrikesDiagramElement/summary;OptionsStrikesDiagramElement
P:StockSharp.Xaml.Diagram.Elements.OptionsStrikesDiagramElement.TypeId/summary;DocStr7902
P:StockSharp.Xaml.Diagram.Elements.OptionsStrikesDiagramElement.IconName/summary;DocStr9214
P:StockSharp.Xaml.Diagram.Elements.OptionsStrikesDiagramElement.OptionType/summary;Str551
P:StockSharp.Xaml.Diagram.Elements.OptionsStrikesDiagramElement.ExpirationDate/summary;ExpiryDate
P:StockSharp.Xaml.Diagram.Elements.OptionsStrikesDiagramElement.LeftOffset/summary;DocStr9729
P:StockSharp.Xaml.Diagram.Elements.OptionsStrikesDiagramElement.RightOffset/summary;DocStr9730
M:StockSharp.Xaml.Diagram.Elements.OptionsStrikesDiagramElement.#ctor/summary;DocStr1
T:StockSharp.Xaml.Diagram.Elements.MarketDepthImpliedVolatilityDiagramElement/summary;DocStr9282
P:StockSharp.Xaml.Diagram.Elements.MarketDepthImpliedVolatilityDiagramElement.TypeId/summary;DocStr7902
P:StockSharp.Xaml.Diagram.Elements.MarketDepthImpliedVolatilityDiagramElement.IconName/summary;DocStr9214
M:StockSharp.Xaml.Diagram.Elements.MarketDepthImpliedVolatilityDiagramElement.#ctor/summary;DocStr1
T:StockSharp.Xaml.Diagram.Elements.MarketDepthGroupedDiagramElement/summary;DocStr9275
P:StockSharp.Xaml.Diagram.Elements.MarketDepthGroupedDiagramElement.TypeId/summary;DocStr7902
P:StockSharp.Xaml.Diagram.Elements.MarketDepthGroupedDiagramElement.IconName/summary;DocStr9214
P:StockSharp.Xaml.Diagram.Elements.MarketDepthGroupedDiagramElement.PriceRange/summary;PriceRange
M:StockSharp.Xaml.Diagram.Elements.MarketDepthGroupedDiagramElement.#ctor/summary;DocStr1
T:StockSharp.Xaml.Diagram.Elements.Level1DiagramElement/summary;DocStr9273
P:StockSharp.Xaml.Diagram.Elements.Level1DiagramElement.TypeId/summary;DocStr7902
P:StockSharp.Xaml.Diagram.Elements.Level1DiagramElement.IconName/summary;DocStr9214
P:StockSharp.Xaml.Diagram.Elements.Level1DiagramElement.ValueType/summary;Level1Field
M:StockSharp.Xaml.Diagram.Elements.Level1DiagramElement.#ctor/summary;DocStr1
M:StockSharp.Xaml.Diagram.Elements.Level1DiagramElement.OnStart/summary;DocStr7892
M:StockSharp.Xaml.Diagram.Elements.Level1DiagramElement.OnStop/summary;DocStr7894
T:StockSharp.Xaml.Diagram.Elements.OrderCancelElement/summary;DocStr9259
P:StockSharp.Xaml.Diagram.Elements.OrderCancelElement.TypeId/summary;DocStr7902
P:StockSharp.Xaml.Diagram.Elements.OrderCancelElement.IconName/summary;DocStr9214
M:StockSharp.Xaml.Diagram.Elements.OrderCancelElement.#ctor/summary;DocStr1
T:StockSharp.Xaml.Diagram.Elements.CandleSourceDiagramElement/summary;Str3071
P:StockSharp.Xaml.Diagram.Elements.CandleSourceDiagramElement.Series/summary;CandlesSeries
P:StockSharp.Xaml.Diagram.Elements.CandleSourceDiagramElement.IsFinal/summary;ProcessOnlyFormed
P:StockSharp.Xaml.Diagram.Elements.CandleSourceDiagramElement.IsCalcVolumeProfile/summary;DocStr2053
P:StockSharp.Xaml.Diagram.Elements.CandleSourceDiagramElement.IsRegularTradingHours/summary;RegularTradingHours
P:StockSharp.Xaml.Diagram.Elements.CandleSourceDiagramElement.AllowBuildFromSmallerTimeFrame/summary;SmallerTimeFrameDesc
P:StockSharp.Xaml.Diagram.Elements.CandleSourceDiagramElement.BuildCandlesMode/summary;BuildMode
P:StockSharp.Xaml.Diagram.Elements.CandleSourceDiagramElement.BuildCandlesFrom/summary;BuildFrom
P:StockSharp.Xaml.Diagram.Elements.CandleSourceDiagramElement.BuildCandlesField/summary;DocStr10135
M:StockSharp.Xaml.Diagram.Elements.CandleSourceDiagramElement.#ctor/summary;DocStr1
P:StockSharp.Xaml.Diagram.Elements.CandleSourceDiagramElement.TypeId/summary;DocStr7902
P:StockSharp.Xaml.Diagram.Elements.CandleSourceDiagramElement.IconName/summary;DocStr9214
M:StockSharp.Xaml.Diagram.Elements.CandleSourceDiagramElement.OnStop/summary;DocStr7894
T:StockSharp.Xaml.Diagram.Elements.ChartDiagramElement/summary;ChartPanelElement
T:StockSharp.Xaml.Diagram.Elements.ChartDiagramElement.ChartIndicatorElementWrapper/summary;DocStr10756
P:StockSharp.Xaml.Diagram.Elements.ChartDiagramElement.ChartIndicatorElementWrapper.Element/summary;DocStr608
M:StockSharp.Xaml.Diagram.Elements.ChartDiagramElement.ChartIndicatorElementWrapper.#ctor/summary;DocStr1
M:StockSharp.Xaml.Diagram.Elements.ChartDiagramElement.ChartIndicatorElementWrapper.#ctor(StockSharp.Xaml.Charting.ChartIndicatorElement)/summary;DocStr1
P:StockSharp.Xaml.Diagram.Elements.ChartDiagramElement.CandleElements/summary;XamlStr631
P:StockSharp.Xaml.Diagram.Elements.ChartDiagramElement.IndicatorElements/summary;DocStr9743
P:StockSharp.Xaml.Diagram.Elements.ChartDiagramElement.OrderElements/summary;Orders
P:StockSharp.Xaml.Diagram.Elements.ChartDiagramElement.TradeElements/summary;Str985
P:StockSharp.Xaml.Diagram.Elements.ChartDiagramElement.XAxes/summary;DocStr7759
P:StockSharp.Xaml.Diagram.Elements.ChartDiagramElement.YAxes/summary;DocStr7760
M:StockSharp.Xaml.Diagram.Elements.ChartDiagramElement.#ctor/summary;DocStr1
M:StockSharp.Xaml.Diagram.Elements.ChartDiagramElement.Save(Ecng.Serialization.SettingsStorage)/summary;DocStr4
M:StockSharp.Xaml.Diagram.Elements.ChartDiagramElement.Save(Ecng.Serialization.SettingsStorage)/param/storage;DocStr3
M:StockSharp.Xaml.Diagram.Elements.ChartDiagramElement.Load(Ecng.Serialization.SettingsStorage)/summary;DocStr2
M:StockSharp.Xaml.Diagram.Elements.ChartDiagramElement.Load(Ecng.Serialization.SettingsStorage)/param/storage;DocStr3
P:StockSharp.Xaml.Diagram.Elements.ChartDiagramElement.TypeId/summary;DocStr7902
P:StockSharp.Xaml.Diagram.Elements.ChartDiagramElement.IconName/summary;DocStr9214
M:StockSharp.Xaml.Diagram.Elements.ChartDiagramElement.OnUnInit/summary;DocStr7885
M:StockSharp.Xaml.Diagram.Elements.ChartDiagramElement.OnStart/summary;DocStr7892
M:StockSharp.Xaml.Diagram.Elements.ChartDiagramElement.OnStop/summary;DocStr7894
M:StockSharp.Xaml.Diagram.Elements.ChartDiagramElement.OnReseted/summary;DocStr7896
T:StockSharp.Xaml.Diagram.Elements.CheckWorkingTimeDiagramElement/summary;Str3085
P:StockSharp.Xaml.Diagram.Elements.CheckWorkingTimeDiagramElement.TypeId/summary;DocStr7902
P:StockSharp.Xaml.Diagram.Elements.CheckWorkingTimeDiagramElement.IconName/summary;DocStr9214
M:StockSharp.Xaml.Diagram.Elements.CheckWorkingTimeDiagramElement.#ctor/summary;DocStr1
T:StockSharp.Xaml.Diagram.Elements.ComparisonDiagramElement/summary;TwoValuesComparisonElement
P:StockSharp.Xaml.Diagram.Elements.ComparisonDiagramElement.TypeId/summary;DocStr7902
P:StockSharp.Xaml.Diagram.Elements.ComparisonDiagramElement.IconName/summary;DocStr9214
P:StockSharp.Xaml.Diagram.Elements.ComparisonDiagramElement.LeftValue/summary;LeftOperand
P:StockSharp.Xaml.Diagram.Elements.ComparisonDiagramElement.Operator/summary;Operator
P:StockSharp.Xaml.Diagram.Elements.ComparisonDiagramElement.RightValue/summary;RightOperand
M:StockSharp.Xaml.Diagram.Elements.ComparisonDiagramElement.#ctor/summary;DocStr1
M:StockSharp.Xaml.Diagram.Elements.ComparisonDiagramElement.OnStart/summary;DocStr7892
M:StockSharp.Xaml.Diagram.Elements.ComparisonDiagramElement.OnStop/summary;DocStr7894
T:StockSharp.Xaml.Diagram.Elements.IndexerDiagramElement/summary;DocStr8049
P:StockSharp.Xaml.Diagram.Elements.IndexerDiagramElement.TypeId/summary;DocStr7902
P:StockSharp.Xaml.Diagram.Elements.IndexerDiagramElement.IconName/summary;DocStr9214
P:StockSharp.Xaml.Diagram.Elements.IndexerDiagramElement.Index/summary;Index
M:StockSharp.Xaml.Diagram.Elements.IndexerDiagramElement.#ctor/summary;DocStr1
T:StockSharp.Xaml.Diagram.Elements.IndicatorDiagramElement/summary;IndicatorElem
P:StockSharp.Xaml.Diagram.Elements.IndicatorDiagramElement.TypeId/summary;DocStr7902
P:StockSharp.Xaml.Diagram.Elements.IndicatorDiagramElement.IconName/summary;DocStr9214
P:StockSharp.Xaml.Diagram.Elements.IndicatorDiagramElement.Type/summary;IndicatorType
P:StockSharp.Xaml.Diagram.Elements.IndicatorDiagramElement.Indicator/summary;DocStr8050
M:StockSharp.Xaml.Diagram.Elements.IndicatorDiagramElement.#ctor/summary;DocStr1
M:StockSharp.Xaml.Diagram.Elements.IndicatorDiagramElement.OnReseted/summary;DocStr7896
M:StockSharp.Xaml.Diagram.Elements.IndicatorDiagramElement.OnStart/summary;DocStr7892
M:StockSharp.Xaml.Diagram.Elements.IndicatorDiagramElement.Load(Ecng.Serialization.SettingsStorage)/summary;DocStr2
M:StockSharp.Xaml.Diagram.Elements.IndicatorDiagramElement.Load(Ecng.Serialization.SettingsStorage)/param/storage;DocStr3
M:StockSharp.Xaml.Diagram.Elements.IndicatorDiagramElement.Save(Ecng.Serialization.SettingsStorage)/summary;DocStr4
M:StockSharp.Xaml.Diagram.Elements.IndicatorDiagramElement.Save(Ecng.Serialization.SettingsStorage)/param/storage;DocStr3
T:StockSharp.Xaml.Diagram.Elements.LogicalConditionDiagramElement/summary;Str3108
T:StockSharp.Xaml.Diagram.Elements.LogicalConditionDiagramElement.Condition/summary;DocStr8051
F:StockSharp.Xaml.Diagram.Elements.LogicalConditionDiagramElement.Condition.And/summary;Str3109
F:StockSharp.Xaml.Diagram.Elements.LogicalConditionDiagramElement.Condition.Or/summary;Str3110
F:StockSharp.Xaml.Diagram.Elements.LogicalConditionDiagramElement.Condition.Xor/summary;Str3111
P:StockSharp.Xaml.Diagram.Elements.LogicalConditionDiagramElement.TypeId/summary;DocStr7902
P:StockSharp.Xaml.Diagram.Elements.LogicalConditionDiagramElement.IconName/summary;DocStr9214
P:StockSharp.Xaml.Diagram.Elements.LogicalConditionDiagramElement.Operator/summary;Operator
M:StockSharp.Xaml.Diagram.Elements.LogicalConditionDiagramElement.#ctor/summary;DocStr1
M:StockSharp.Xaml.Diagram.Elements.LogicalConditionDiagramElement.Save(Ecng.Serialization.SettingsStorage)/summary;DocStr4
M:StockSharp.Xaml.Diagram.Elements.LogicalConditionDiagramElement.Save(Ecng.Serialization.SettingsStorage)/param/storage;DocStr3
M:StockSharp.Xaml.Diagram.Elements.LogicalConditionDiagramElement.Load(Ecng.Serialization.SettingsStorage)/summary;DocStr2
M:StockSharp.Xaml.Diagram.Elements.LogicalConditionDiagramElement.Load(Ecng.Serialization.SettingsStorage)/param/storage;DocStr3
M:StockSharp.Xaml.Diagram.Elements.LogicalConditionDiagramElement.OnStart/summary;DocStr7892
M:StockSharp.Xaml.Diagram.Elements.LogicalConditionDiagramElement.OnStop/summary;DocStr7894
T:StockSharp.Xaml.Diagram.Elements.LogicOneParamFunctionDiagramElement/summary;Str3114
P:StockSharp.Xaml.Diagram.Elements.LogicOneParamFunctionDiagramElement.TypeId/summary;DocStr7902
P:StockSharp.Xaml.Diagram.Elements.LogicOneParamFunctionDiagramElement.IconName/summary;DocStr9214
P:StockSharp.Xaml.Diagram.Elements.LogicOneParamFunctionDiagramElement.Function/summary;Str3114
M:StockSharp.Xaml.Diagram.Elements.LogicOneParamFunctionDiagramElement.#ctor/summary;DocStr1
T:StockSharp.Xaml.Diagram.Elements.MarketDepthDiagramElement/summary;Str3117
P:StockSharp.Xaml.Diagram.Elements.MarketDepthDiagramElement.TypeId/summary;DocStr7902
P:StockSharp.Xaml.Diagram.Elements.MarketDepthDiagramElement.IconName/summary;DocStr9214
M:StockSharp.Xaml.Diagram.Elements.MarketDepthDiagramElement.#ctor/summary;DocStr1
M:StockSharp.Xaml.Diagram.Elements.MarketDepthDiagramElement.OnStop/summary;DocStr7894
T:StockSharp.Xaml.Diagram.Elements.OneParamFunctionDiagramElement/summary;Str3119
P:StockSharp.Xaml.Diagram.Elements.OneParamFunctionDiagramElement.TypeId/summary;DocStr7902
P:StockSharp.Xaml.Diagram.Elements.OneParamFunctionDiagramElement.IconName/summary;DocStr9214
P:StockSharp.Xaml.Diagram.Elements.OneParamFunctionDiagramElement.Function/summary;Str3119
M:StockSharp.Xaml.Diagram.Elements.OneParamFunctionDiagramElement.#ctor/summary;DocStr1
M:StockSharp.Xaml.Diagram.Elements.OneParamFunctionDiagramElement.OnStart/summary;DocStr7892
T:StockSharp.Xaml.Diagram.Elements.TwoParamFunctionDiagramElement/summary;Str3122
P:StockSharp.Xaml.Diagram.Elements.TwoParamFunctionDiagramElement.TypeId/summary;DocStr7902
P:StockSharp.Xaml.Diagram.Elements.TwoParamFunctionDiagramElement.IconName/summary;DocStr9214
P:StockSharp.Xaml.Diagram.Elements.TwoParamFunctionDiagramElement.Function/summary;DocStr10104
M:StockSharp.Xaml.Diagram.Elements.TwoParamFunctionDiagramElement.#ctor/summary;DocStr1
M:StockSharp.Xaml.Diagram.Elements.TwoParamFunctionDiagramElement.OnStart/summary;DocStr7892
T:StockSharp.Xaml.Diagram.Elements.MathDiagramElement/summary;Str3122
P:StockSharp.Xaml.Diagram.Elements.MathDiagramElement.TypeId/summary;DocStr7902
P:StockSharp.Xaml.Diagram.Elements.MathDiagramElement.IconName/summary;DocStr9214
P:StockSharp.Xaml.Diagram.Elements.MathDiagramElement.Expression/summary;Expression
M:StockSharp.Xaml.Diagram.Elements.MathDiagramElement.#ctor/summary;DocStr1
M:StockSharp.Xaml.Diagram.Elements.MathDiagramElement.OnStart/summary;DocStr7892
T:StockSharp.Xaml.Diagram.Elements.OrderMassCancelElement/summary;DocStr9778
P:StockSharp.Xaml.Diagram.Elements.OrderMassCancelElement.TypeId/summary;DocStr7902
P:StockSharp.Xaml.Diagram.Elements.OrderMassCancelElement.IconName/summary;DocStr9214
M:StockSharp.Xaml.Diagram.Elements.OrderMassCancelElement.#ctor/summary;DocStr1
M:StockSharp.Xaml.Diagram.Elements.OrderMassCancelElement.OnStart/summary;DocStr7892
M:StockSharp.Xaml.Diagram.Elements.OrderMassCancelElement.OnStop/summary;DocStr7894
T:StockSharp.Xaml.Diagram.Elements.OrderReplaceElement/summary;DocStr9260
P:StockSharp.Xaml.Diagram.Elements.OrderReplaceElement.TypeId/summary;DocStr7902
P:StockSharp.Xaml.Diagram.Elements.OrderReplaceElement.IconName/summary;DocStr9214
P:StockSharp.Xaml.Diagram.Elements.OrderReplaceElement.ShrinkPrice/summary;DocStr10091
M:StockSharp.Xaml.Diagram.Elements.OrderReplaceElement.#ctor/summary;DocStr1
M:StockSharp.Xaml.Diagram.Elements.OrderReplaceElement.OnStop/summary;DocStr7894
T:StockSharp.Xaml.Diagram.Elements.OrderRegisterDiagramElement/summary;Str3124
P:StockSharp.Xaml.Diagram.Elements.OrderRegisterDiagramElement.TypeId/summary;DocStr7902
P:StockSharp.Xaml.Diagram.Elements.OrderRegisterDiagramElement.IconName/summary;DocStr9214
P:StockSharp.Xaml.Diagram.Elements.OrderRegisterDiagramElement.IsMarket/summary;XamlStr623
P:StockSharp.Xaml.Diagram.Elements.OrderRegisterDiagramElement.ClientCode/summary;ClientCodeDesc
P:StockSharp.Xaml.Diagram.Elements.OrderRegisterDiagramElement.BrokerCode/summary;Str2619
P:StockSharp.Xaml.Diagram.Elements.OrderRegisterDiagramElement.ShrinkPrice/summary;DocStr10091
M:StockSharp.Xaml.Diagram.Elements.OrderRegisterDiagramElement.#ctor/summary;DocStr1
M:StockSharp.Xaml.Diagram.Elements.OrderRegisterDiagramElement.OnStop/summary;DocStr7894
M:StockSharp.Xaml.Diagram.Elements.OrderRegisterDiagramElement.Load(Ecng.Serialization.SettingsStorage)/summary;DocStr2
M:StockSharp.Xaml.Diagram.Elements.OrderRegisterDiagramElement.Load(Ecng.Serialization.SettingsStorage)/param/storage;DocStr3
T:StockSharp.Xaml.Diagram.Elements.OrderTradesDiagramElement/summary;Str3130
P:StockSharp.Xaml.Diagram.Elements.OrderTradesDiagramElement.TypeId/summary;DocStr7902
P:StockSharp.Xaml.Diagram.Elements.OrderTradesDiagramElement.IconName/summary;DocStr9214
M:StockSharp.Xaml.Diagram.Elements.OrderTradesDiagramElement.#ctor/summary;DocStr1
T:StockSharp.Xaml.Diagram.Elements.PartDiagramElement/summary;Str3132
P:StockSharp.Xaml.Diagram.Elements.PartDiagramElement.TypeId/summary;DocStr7902
P:StockSharp.Xaml.Diagram.Elements.PartDiagramElement.IconName/summary;DocStr9214
P:StockSharp.Xaml.Diagram.Elements.PartDiagramElement.Property/summary;Str3133
M:StockSharp.Xaml.Diagram.Elements.PartDiagramElement.#ctor/summary;DocStr1
M:StockSharp.Xaml.Diagram.Elements.PartDiagramElement.TypeChanged/summary;DocStr8054
M:StockSharp.Xaml.Diagram.Elements.PartDiagramElement.OnStart/summary;DocStr7892
M:StockSharp.Xaml.Diagram.Elements.PartDiagramElement.OnProcess(StockSharp.Xaml.Diagram.DiagramSocketValue)/summary;DocStr7882
M:StockSharp.Xaml.Diagram.Elements.PartDiagramElement.OnProcess(StockSharp.Xaml.Diagram.DiagramSocketValue)/param/value;DocStr7883
T:StockSharp.Xaml.Diagram.Elements.PassThroughDiagramElement/summary;Str3136
P:StockSharp.Xaml.Diagram.Elements.PassThroughDiagramElement.TypeId/summary;DocStr7902
P:StockSharp.Xaml.Diagram.Elements.PassThroughDiagramElement.IconName/summary;DocStr9214
M:StockSharp.Xaml.Diagram.Elements.PassThroughDiagramElement.#ctor/summary;DocStr1
M:StockSharp.Xaml.Diagram.Elements.PassThroughDiagramElement.TypeChanged/summary;DocStr8054
M:StockSharp.Xaml.Diagram.Elements.PassThroughDiagramElement.OnProcess(StockSharp.Xaml.Diagram.DiagramSocketValue)/summary;DocStr7882
M:StockSharp.Xaml.Diagram.Elements.PassThroughDiagramElement.OnProcess(StockSharp.Xaml.Diagram.DiagramSocketValue)/param/value;DocStr7883
T:StockSharp.Xaml.Diagram.Elements.PositionDiagramElement/summary;Str3137
P:StockSharp.Xaml.Diagram.Elements.PositionDiagramElement.TypeId/summary;DocStr7902
P:StockSharp.Xaml.Diagram.Elements.PositionDiagramElement.IconName/summary;DocStr9214
P:StockSharp.Xaml.Diagram.Elements.PositionDiagramElement.IsMoney/summary;DocStr2465
M:StockSharp.Xaml.Diagram.Elements.PositionDiagramElement.#ctor/summary;DocStr1
M:StockSharp.Xaml.Diagram.Elements.PositionDiagramElement.OnStart/summary;DocStr7892
M:StockSharp.Xaml.Diagram.Elements.PositionDiagramElement.OnStop/summary;DocStr7894
M:StockSharp.Xaml.Diagram.Elements.PositionDiagramElement.Load(Ecng.Serialization.SettingsStorage)/summary;DocStr2
M:StockSharp.Xaml.Diagram.Elements.PositionDiagramElement.Load(Ecng.Serialization.SettingsStorage)/param/storage;DocStr3
T:StockSharp.Xaml.Diagram.Elements.PreviousValueDiagramElement/summary;Str3141
P:StockSharp.Xaml.Diagram.Elements.PreviousValueDiagramElement.TypeId/summary;DocStr7902
P:StockSharp.Xaml.Diagram.Elements.PreviousValueDiagramElement.IconName/summary;DocStr9214
P:StockSharp.Xaml.Diagram.Elements.PreviousValueDiagramElement.Shift/summary;Str841
M:StockSharp.Xaml.Diagram.Elements.PreviousValueDiagramElement.#ctor/summary;DocStr1
M:StockSharp.Xaml.Diagram.Elements.PreviousValueDiagramElement.TypeChanged/summary;DocStr8054
M:StockSharp.Xaml.Diagram.Elements.PreviousValueDiagramElement.OnStart/summary;DocStr7892
M:StockSharp.Xaml.Diagram.Elements.PreviousValueDiagramElement.OnProcess(StockSharp.Xaml.Diagram.DiagramSocketValue)/summary;DocStr7882
M:StockSharp.Xaml.Diagram.Elements.PreviousValueDiagramElement.OnProcess(StockSharp.Xaml.Diagram.DiagramSocketValue)/param/value;DocStr7883
T:StockSharp.Xaml.Diagram.Elements.ProtectPositionDiagramElement/summary;Str3146
P:StockSharp.Xaml.Diagram.Elements.ProtectPositionDiagramElement.TypeId/summary;DocStr7902
P:StockSharp.Xaml.Diagram.Elements.ProtectPositionDiagramElement.IconName/summary;DocStr9214
P:StockSharp.Xaml.Diagram.Elements.ProtectPositionDiagramElement.TakeValue/summary;DocStr295
P:StockSharp.Xaml.Diagram.Elements.ProtectPositionDiagramElement.StopValue/summary;DocStr296
P:StockSharp.Xaml.Diagram.Elements.ProtectPositionDiagramElement.WaitAllTrades/summary;DocStr1702
P:StockSharp.Xaml.Diagram.Elements.ProtectPositionDiagramElement.WaitAllTrades/remarks;DocStr1703
M:StockSharp.Xaml.Diagram.Elements.ProtectPositionDiagramElement.#ctor/summary;DocStr1
M:StockSharp.Xaml.Diagram.Elements.ProtectPositionDiagramElement.OnStart/summary;DocStr7892
M:StockSharp.Xaml.Diagram.Elements.ProtectPositionDiagramElement.OnStop/summary;DocStr7894
T:StockSharp.Xaml.Diagram.Elements.MarketDepthSparsedDiagramElement/summary;DocStr9274
P:StockSharp.Xaml.Diagram.Elements.MarketDepthSparsedDiagramElement.TypeId/summary;DocStr7902
P:StockSharp.Xaml.Diagram.Elements.MarketDepthSparsedDiagramElement.IconName/summary;DocStr9214
M:StockSharp.Xaml.Diagram.Elements.MarketDepthSparsedDiagramElement.#ctor/summary;DocStr1
T:StockSharp.Xaml.Diagram.Elements.SecurityIndexDiagramElement/summary;DocStr9297
P:StockSharp.Xaml.Diagram.Elements.SecurityIndexDiagramElement.TypeId/summary;DocStr7902
P:StockSharp.Xaml.Diagram.Elements.SecurityIndexDiagramElement.IconName/summary;DocStr9214
P:StockSharp.Xaml.Diagram.Elements.SecurityIndexDiagramElement.Index/summary;Index
P:StockSharp.Xaml.Diagram.Elements.SecurityIndexDiagramElement.IgnoreErrors/summary;DocStr9357
P:StockSharp.Xaml.Diagram.Elements.SecurityIndexDiagramElement.CalculateExtended/summary;CalculateExtended
M:StockSharp.Xaml.Diagram.Elements.SecurityIndexDiagramElement.#ctor/summary;DocStr1
M:StockSharp.Xaml.Diagram.Elements.SecurityIndexDiagramElement.OnStart/summary;DocStr7892
T:StockSharp.Xaml.Diagram.Elements.BaseStrategyDiagramElement/summary;DocStr9293
P:StockSharp.Xaml.Diagram.Elements.BaseStrategyDiagramElement.Painter/summary;DocStr7851
P:StockSharp.Xaml.Diagram.Elements.BaseStrategyDiagramElement.Instance/summary;DocStr9839
M:StockSharp.Xaml.Diagram.Elements.BaseStrategyDiagramElement.#ctor/summary;DocStr1
M:StockSharp.Xaml.Diagram.Elements.BaseStrategyDiagramElement.OnStart/summary;DocStr7892
M:StockSharp.Xaml.Diagram.Elements.BaseStrategyDiagramElement.OnStop/summary;DocStr7894
M:StockSharp.Xaml.Diagram.Elements.BaseStrategyDiagramElement.OnReseted/summary;DocStr7896
M:StockSharp.Xaml.Diagram.Elements.BaseStrategyDiagramElement.RemoveExternalSockets/summary;DocStr9389
M:StockSharp.Xaml.Diagram.Elements.BaseStrategyDiagramElement.Load(Ecng.Serialization.SettingsStorage)/summary;DocStr2
M:StockSharp.Xaml.Diagram.Elements.BaseStrategyDiagramElement.Load(Ecng.Serialization.SettingsStorage)/param/storage;DocStr3
M:StockSharp.Xaml.Diagram.Elements.BaseStrategyDiagramElement.Save(Ecng.Serialization.SettingsStorage)/summary;DocStr4
M:StockSharp.Xaml.Diagram.Elements.BaseStrategyDiagramElement.Save(Ecng.Serialization.SettingsStorage)/param/storage;DocStr3
M:StockSharp.Xaml.Diagram.Elements.BaseStrategyDiagramElement.IsTypeCompatible(System.Type)/summary;DocStr9840
M:StockSharp.Xaml.Diagram.Elements.BaseStrategyDiagramElement.IsTypeCompatible(System.Type)/param/type;Str1963
M:StockSharp.Xaml.Diagram.Elements.BaseStrategyDiagramElement.IsTypeCompatible(System.Type)/returns;DocStr8659
T:StockSharp.Xaml.Diagram.Elements.StrategyDiagramElement/summary;DllDesc
P:StockSharp.Xaml.Diagram.Elements.StrategyDiagramElement.TypeId/summary;DocStr7902
P:StockSharp.Xaml.Diagram.Elements.StrategyDiagramElement.IconName/summary;DocStr9214
P:StockSharp.Xaml.Diagram.Elements.StrategyDiagramElement.FileName/summary;Str3191
M:StockSharp.Xaml.Diagram.Elements.StrategyDiagramElement.#ctor/summary;DocStr1
M:StockSharp.Xaml.Diagram.Elements.StrategyDiagramElement.OnStart/summary;DocStr7892
M:StockSharp.Xaml.Diagram.Elements.StrategyDiagramElement.OnStop/summary;DocStr7894
T:StockSharp.Xaml.Diagram.Elements.DiagramExternalAttribute/summary;DocStr9316
T:StockSharp.Xaml.Diagram.Elements.IndicatorPainterAttribute/summary;DocStr9847
P:StockSharp.Xaml.Diagram.Elements.IndicatorPainterAttribute.Painter/summary;DocStr7851
M:StockSharp.Xaml.Diagram.Elements.IndicatorPainterAttribute.#ctor(System.Type)/summary;DocStr1
M:StockSharp.Xaml.Diagram.Elements.IndicatorPainterAttribute.#ctor(System.Type)/param/painter;DocStr7851
T:StockSharp.Xaml.Diagram.Elements.StrategyPnLDiagramElement/summary;Str3137
P:StockSharp.Xaml.Diagram.Elements.StrategyPnLDiagramElement.TypeId/summary;DocStr7902
P:StockSharp.Xaml.Diagram.Elements.StrategyPnLDiagramElement.IconName/summary;DocStr9214
M:StockSharp.Xaml.Diagram.Elements.StrategyPnLDiagramElement.#ctor/summary;DocStr1
M:StockSharp.Xaml.Diagram.Elements.StrategyPnLDiagramElement.OnStart/summary;DocStr7892
M:StockSharp.Xaml.Diagram.Elements.StrategyPnLDiagramElement.OnStop/summary;DocStr7894
T:StockSharp.Xaml.Diagram.Elements.StrategyTradesDiagramElement/summary;Str3156
P:StockSharp.Xaml.Diagram.Elements.StrategyTradesDiagramElement.TypeId/summary;DocStr7902
P:StockSharp.Xaml.Diagram.Elements.StrategyTradesDiagramElement.IconName/summary;DocStr9214
M:StockSharp.Xaml.Diagram.Elements.StrategyTradesDiagramElement.#ctor/summary;DocStr1
M:StockSharp.Xaml.Diagram.Elements.StrategyTradesDiagramElement.OnStart/summary;DocStr7892
T:StockSharp.Xaml.Diagram.Elements.TradeAllowedDiagramElement/summary;DocStr9676
P:StockSharp.Xaml.Diagram.Elements.TradeAllowedDiagramElement.TypeId/summary;DocStr7902
P:StockSharp.Xaml.Diagram.Elements.TradeAllowedDiagramElement.IconName/summary;DocStr9214
M:StockSharp.Xaml.Diagram.Elements.TradeAllowedDiagramElement.#ctor/summary;DocStr1
T:StockSharp.Xaml.Diagram.Elements.TypedDiagramElement`1/summary;DocStr8052
T:StockSharp.Xaml.Diagram.Elements.TypedDiagramElement`1/typeparam/T;DocStr8906
P:StockSharp.Xaml.Diagram.Elements.TypedDiagramElement`1.Type/summary;Str2133
M:StockSharp.Xaml.Diagram.Elements.TypedDiagramElement`1.#ctor(System.String)/summary;DocStr1
M:StockSharp.Xaml.Diagram.Elements.TypedDiagramElement`1.#ctor(System.String)/param/typeParamCategory;DocStr7986
M:StockSharp.Xaml.Diagram.Elements.TypedDiagramElement`1.SetTypes(System.Collections.Generic.IEnumerable{StockSharp.Xaml.Diagram.DiagramSocketType})/summary;DocStr8053
M:StockSharp.Xaml.Diagram.Elements.TypedDiagramElement`1.SetTypes(System.Collections.Generic.IEnumerable{StockSharp.Xaml.Diagram.DiagramSocketType})/param/types;Str2133
M:StockSharp.Xaml.Diagram.Elements.TypedDiagramElement`1.TypeChanged/summary;DocStr8054
M:StockSharp.Xaml.Diagram.Elements.TypedDiagramElement`1.OnInputSocketConnected/summary;DocStr10421
M:StockSharp.Xaml.Diagram.Elements.TypedDiagramElement`1.OnInputSocketDisconnected/summary;DocStr10422
M:StockSharp.Xaml.Diagram.Elements.TypedDiagramElement`1.OnProcess(StockSharp.Xaml.Diagram.DiagramSocketValue)/summary;DocStr7882
M:StockSharp.Xaml.Diagram.Elements.TypedDiagramElement`1.OnProcess(StockSharp.Xaml.Diagram.DiagramSocketValue)/param/value;DocStr7883
M:StockSharp.Xaml.Diagram.Elements.TypedDiagramElement`1.UpdateOutputSocketType/summary;DocStr9298
M:StockSharp.Xaml.Diagram.Elements.TypedDiagramElement`1.OnStart/summary;DocStr7892
M:StockSharp.Xaml.Diagram.Elements.TypedDiagramElement`1.Load(Ecng.Serialization.SettingsStorage)/summary;DocStr2
M:StockSharp.Xaml.Diagram.Elements.TypedDiagramElement`1.Load(Ecng.Serialization.SettingsStorage)/param/storage;DocStr3
T:StockSharp.Xaml.Diagram.Elements.VariableDiagramElement/summary;Str3160
P:StockSharp.Xaml.Diagram.Elements.VariableDiagramElement.TypeId/summary;DocStr7902
P:StockSharp.Xaml.Diagram.Elements.VariableDiagramElement.IconName/summary;DocStr9214
P:StockSharp.Xaml.Diagram.Elements.VariableDiagramElement.RaiseValueOnStart/summary;DocStr9748
P:StockSharp.Xaml.Diagram.Elements.VariableDiagramElement.Value/summary;DocStr9742
M:StockSharp.Xaml.Diagram.Elements.VariableDiagramElement.#ctor/summary;DocStr1
M:StockSharp.Xaml.Diagram.Elements.VariableDiagramElement.TypeChanged/summary;DocStr8054
M:StockSharp.Xaml.Diagram.Elements.VariableDiagramElement.OnInputSocketConnected/inheritdoc;DocStr8459
M:StockSharp.Xaml.Diagram.Elements.VariableDiagramElement.OnInputSocketDisconnected/inheritdoc;DocStr8459
M:StockSharp.Xaml.Diagram.Elements.VariableDiagramElement.OnReseted/summary;DocStr7896
M:StockSharp.Xaml.Diagram.Elements.VariableDiagramElement.OnStart/summary;DocStr7892
M:StockSharp.Xaml.Diagram.Elements.VariableDiagramElement.OnStop/summary;DocStr7894
M:StockSharp.Xaml.Diagram.Elements.VariableDiagramElement.OnProcess(StockSharp.Xaml.Diagram.DiagramSocketValue)/summary;DocStr7882
M:StockSharp.Xaml.Diagram.Elements.VariableDiagramElement.OnProcess(StockSharp.Xaml.Diagram.DiagramSocketValue)/param/value;DocStr7883
T:StockSharp.Xaml.Diagram.Elements.AlertDiagramElement/summary;Str3163
P:StockSharp.Xaml.Diagram.Elements.AlertDiagramElement.TypeId/summary;DocStr7902
P:StockSharp.Xaml.Diagram.Elements.AlertDiagramElement.IconName/summary;DocStr9214
P:StockSharp.Xaml.Diagram.Elements.AlertDiagramElement.Type/summary;AlertType
P:StockSharp.Xaml.Diagram.Elements.AlertDiagramElement.Caption/summary;Str3165
P:StockSharp.Xaml.Diagram.Elements.AlertDiagramElement.Message/summary;DocStr13
M:StockSharp.Xaml.Diagram.Elements.AlertDiagramElement.#ctor/summary;DocStr1
T:StockSharp.Xaml.Diagram.IndicatorTypeItemsSource/summary;DocStr8056
P:StockSharp.Xaml.Diagram.IndicatorTypeItemsSource.IndicatorTypes/summary;DocStr9022
M:StockSharp.Xaml.Diagram.IndicatorTypeItemsSource.GetValues/summary;DocStr8057
M:StockSharp.Xaml.Diagram.IndicatorTypeItemsSource.GetValues/returns;DocStr8058
T:StockSharp.Xaml.Diagram.SocketTypesSource/summary;DocStr8059
M:StockSharp.Xaml.Diagram.SocketTypesSource.GetValues/summary;DocStr8060
M:StockSharp.Xaml.Diagram.SocketTypesSource.GetValues/returns;DocStr8061
T:StockSharp.Xaml.Diagram.Themes.AxesPropertyDefinitionHelper/summary;DocStr10802
M:StockSharp.Xaml.Diagram.Themes.AxesPropertyDefinitionHelper.Init/summary;DocStr93
